No.  Movie,No. Character,Character Name,Barbie Cast,Skin Tone,Eyes,Hair,Gender,Race,Speaking Voice,Singing Voice
1,1,Barbie,Barbie,Light Medium,Blue,Blonde,Female,Human,Kelly Sheridan,
1,2,Aunt Drosselmayer,,Light,Green,Brown,Female,Human,Kathleen Barr,
1,3,Captain Candy,,Medium Deep,Deep,Brown,Male,Human,Ian James Corlett,
1,4,Clara,Barbie,Light Medium,Blue,Blonde,Female,Human,Kelly Sheridan,
1,5,Flower Faeries,,Light Medium,Multicolor,Multicolor,Female,Flower Fairy,Shona Galbraith,
1,6,Gingerbread Boy,Tommy,Light Medium,Blue,Blonde,Male,Human,Danny McKinnon,
1,7,Grandfather Drosselmayer,,Light Medium,Brown,Silver,Male,Human,French Tickner,
1,8,Kelly,Kelly / Chelsea,Light Medium,Blue,Blonde,Female,Human,Chantal Strand,
1,9,Maid,,Light Medium,Brown,Light Brown,Female,Human,Cathy Weseluck,
1,10,Major Mint,,Light Medium,Brown,Gray,Male,Human,Christopher Gaze,
1,11,Mouse King,,,Brown,Light Gray,Male,Rat,Tim Curry,
1,12,Nutcracker,,Light Medium,Blue,White,Male,Nutcracker,Kirby Morrow,
1,13,Owl,,Brown,Black/Green,Brown,Female,Owl Statue,Kathleen Barr,
1,14,Peppermint Girl,,Light Medium,Blue,Blonde,Female,Human,Britt McKillip,
1,15,Pimm,,Gray,Deep,Purple,Male,Bat,Peter Kelamis,
1,16,Prince Eric,Ken,Light Medium,Blue,Medium Brown,Male,Human,Kirby Morrow,
1,17,Snow Faeries,,Light Medium,Blue,Dark Blue,Female,Snow Fairy,Shona Galbraith,
1,18,Tommy,Tommy,Medium,Blue,Dark Brown,Male,Human,Alex Doduk,
2,1,Barbie,Barbie,Light Medium,Blue,Blonde,Female,Human,Kelly Sheridan,
2,8,Kelly,Kelly / Chelsea,Light Medium,Blue,Blonde,Female,Human,Chantal Strand,
2,19,Baker,,,,,Male,Human,Terry Klassen,
2,20,Fat Swordsman,,Medium,Blue,Dark Brown,Male,Human,Terry Klassen,
2,21,Gothel,,Light,Light Green,Gray,Female,Human Witch,Anjelica Huston,
2,22,Hobie,,,Blue,Gray,Male,Rabbit,Ian James Corlett,
2,23,Hugo,,Purple,Brown,,Male,Dragon,David Kaye,
2,24,King Frederick,,Light Medium,Blue,Dark,Male,Human,Russell Roberts,
2,25,King Wilhelm,,Light Medium,Blue,Light Brown,Male,Human,Christopher Gaze,
2,26,Otto,,,Green,Brown,Male,Ferret,Peter Kelamis,
2,27,Palace Guard,,,,,Male,Human,Ian James Corlett,
2,28,Penelope,,Purple,Blue,,Female,Dragon,Cree Summer,
2,29,Prince Stefan,Ken,Light Medium,Blue,Blonde,Male,Human,Mark Hildreth,
2,30,Prince Tommy,Tommy,Light Medium,Blue,Blonde,Male,Human,Danny McKinnon,
2,31,Princess Katrina,,,,,Female,Human,Chantal Strand,
2,32,Princess Lorena,,Light Medium,Blue,Redhair,Female,Human,Jocelyne Loewen,
2,33,Princess Melody,,Light Medium,Brown,Brown,Female,Human,Britt McKillip,
2,34,Princess Rapunzel,Barbie,Light Medium,Blue,Blonde,Female,Human,Kelly Sheridan,
2,35,Silversmith,,Light Medium,Brown,Silver,Male,Human,Dale Wilson,
2,36,Skinny Swordsman,,,,,Male,Human,Peter Kelamis,
3,1,Barbie,Barbie,Light Medium,Blue,Blonde,Female,Human,Kelly Sheridan,
3,8,Kelly,Kelly / Chelsea,Light Medium,Blue,Blonde,Female,Elf,Chantal Strand,
3,37,Prince Daniel,Ken,Light Medium,Blue,Light Brown,Male,Human,Mark Hildreth,
3,38,Fairy Queen,Teresa,Light Medium,Brown,Light Brown,Female,Fairy,Kathleen Barr,
3,39,Ivan,Tommy,Light Medium,Brown,Blonde,Male,Elf,Ian James Corlett,
3,40,Baker,,Light Medium,Green,Gray,Male,Human,Garry Chalk,
3,41,Burly Villager,,Light Medium,Brown,Dark,Male,Human,Michael Dobson,
3,42,Carlita,,Light,Brown,Dark,Female,Elf,Nicole Oliver,
3,43,Erasmus,,Light Medium,Brown,Light Gray,Male,Human,Michael Dobson,
3,44,Lila,,Purple,Deep Blue,Pink,Female,Unicorn,Venus Terzo,
3,45,Marie,,Light Medium,Blue,Redhair,Female,Human,Kathleen Barr,
3,46,Odile,,Light,Deep Brown,Dark,Female,Human Witch,Maggie Wheeler,
3,47,Peddler,,Deep,Brown,Gray,Male,Human,Scott McNeil,
3,48,Queen Mother,,Light Medium,Blue,Blonde,Female,Human,Gina Stockdale,
3,49,Reggie,,Light Medium,Brown,Brown,Male,Human,Brian Drummond,
3,50,Rothbart,,Light Medium,Brown,Gray,Male,Human,Kelsey Grammer,
3,743,Princess Odette,Barbie,Light Medium,Blue,Blonde,Female,Human,Kelly Sheridan,
4,51,Erika,Barbie,Light Medium,Blue,Brown,Female,Human,Kelly Sheridan,Julie Stevens
4,52,Princess Anneliese,Barbie,Light,Blue,Blonde,Female,Human,Kelly Sheridan,Melissa Lyons
4,53,King Dominick,Ken,Light Medium,Blue,Brown,Male,Human,Mark Hildreth,Mark Luna
4,54,Prince Julian,Ken,Light Medium,Blue,Light Brown,Male,Human,Allesandro Juliani,
4,55,Ambassador Bismark,,Light Medium,Brown,Gray,Male,Human,Lee Tockar,
4,56,Bertie,,Light,Blue,Brown,Female,Human,Kathleen Barr,
4,57,Guard #1,,,,,Male,Human,Brian Drummond,
4,58,Guard #2,,,,,Male,Human,Lee Tockar,
4,59,Guard #3,,,,,Male,Human,Ian James Corlett,
4,60,Herve,,Brown,Green,Brown,Male,Horse,Garry Chalk,
4,61,Madame Carp,,Light Medium,Green,Gray,Female,Human,Pam Hyatt,
4,62,Midas,,Gray,Brown,Deep Brown,Male,Dog,Jan Rabson,
4,63,Minister,,Light Medium,Brown,Gray,Male,Human,Roger Monk,
4,64,Nack,,Light Medium,Brown,Brown,Male,Human,Jan Rabson,
4,65,Narrator,,,,,Female,,Kelly Sheridan,
4,66,Nick,,Light Medium,Brown,Blonde,Male,Human,Brian Drummond,
4,67,Palace Maid,,Light Medium,Green,Brown,Female,Human,Janyse Jaud,
4,68,Preminger,,Light Medium,Brown,Light Gray,Male,Human,Martin Short,
4,69,Queen Genevieve,,Light Medium,Deep Blue,Blonde,Female,Human,Ellen Kennedy,
4,70,Royal Scheduler,,Light Medium,Brown,Light Gray,Male,Human,Colin Murdock,
4,71,Serafina,,,Green,White/Peach,Female,Cat,Kathleen Barr,
4,72,Wolfie,,,Green,Beige/Brown,Male,Cat,Ian James Corlett,
5,73,Elina,Barbie,Light,Green,Blonde,Female,Flower Fairy,Kelly Sheridan,
5,74,Amethyst,,Medium,Brown,Purple,Male,Fairy,Michael Dobson,
5,75,Azura,,Light,Blue,Blue,Female,Fairy,Venus Terzo,
5,76,Bibble,,,Blue,Blue/Pink,Male,Puffball,Lee Tockar,
5,77,Dahlia,,Light,Green,Pink,Female,Dryad,Chiara Zanni,
5,78,Dandelion,,Light,Gray,Orange,Female,Flower Fairy,Tabitha St. Germain,
5,79,Enchantress,,Light,Green,Platinum Blonde,Female,Fairy,Nancy Sorel,
5,80,Fungus,,Green,Brown,Black,Male,Fungi,Lee Tockar,
5,81,Happy Troll 1,,Light,Blue,Blonde,Male,Troll,Lee Tockar,
5,82,Happy Troll 2,,Light,Brown,Blonde,Male,Troll,Lee Tockar,
5,83,Hue,,Blue,Purple,Green,Male,Butterfly,Mark Oliver,
5,84,Larkspur,,Light Medium,Purple,Blonde,Male,Fairy,Brian Drummond,
5,85,Laverna,,Light,Green,Green,Female,Dark Fairy,Kathleen Barr,
5,86,Mermaid #1,,,,,Female,Mermaid,Tabitha St. Germain,
5,87,Mermaid #2,,,,,Female,Mermaid,Kelly Sheridan,
5,88,Pixie #1,,,,,Male,Pixie,Britt McKillip,
5,89,Pixie #2,,,,,Female,Pixie,Kathleen Barr,
5,90,Pixie #3,,,,,Female,Pixie,Chiara Zanni,
5,91,Pixie #4,,,,,Female,Pixie,Kathleen Barr,
5,92,Pixie #5,,,,,Female,Pixie,Nancy Sorel,
5,93,Prince Nalu,,Light Medium,Green,Brown,Male,Merman,Alessandro Juliani,
5,94,Quill,,Light Medium,Blue,Gray,Male,Fairy,Michael Dobson,
5,95,Ruby,,Light Medium,Brown,Brown,Male,Fairy,Scott McNeil,
5,96,Topaz,,Light,Amber,Strawberry Blonde,Female,Fairy,Tabitha St. Germain,
6,97,Princess Annika,Barbie,Light,Blue,Blonde,Female,Human,Kelly Sheridan,
6,98,Prince Aidan,Ken,Light Medium,Blue,Brown,Male,Human,Mark Hildreth,
6,99,Aidan's Father,,Light Medium,Blue,Dark Gray,Male,Human,Brian Drummond,
6,100,Cloud Princess Blush,,Light,Green,Blonde,Female,Human,Jessica Amlee,
6,101,Cloud Princess Lilac,,Light,Purple,Blonde,Female,Human,Andrea Libman,
6,102,Cloud Princess Rose,,Light Medium,Purple,Brown,Female,Human,Chantal Strand,
6,103,Cloud Queen Rayla,,Light Medium,Blue,Dark Brown,Female,Human,Kathleen Barr,
6,104,Eric,,Light Medium,Brown,Dark Brown,Male,Human,Kathleen Barr,
6,105,Ferris,,Medium,Brown,Gray,Male,Human,Brian Drummond,
6,106,King,,Light Medium,Green,Brown,Male,Human,Russell Roberts,
6,107,Ollie the Giant,,Green,Light Brown,Black,Male,Giant,John DeSantis,
6,108,Outtake A.D.,,,,,Male,,Russell Arons,
6,109,Princess Brietta,,Pink,Blue,Pink,Female,Pegasus,Lalainia Lindbjerg Strelau,
6,109,Princess Brietta,,Light,Blue,Brown,Female,Human,Lalainia Lindbjerg Strelau,
6,110,Queen,,Light,Blue,Blonde,Female,Human,Kathleen Barr,
6,111,Shiver,,,Blue,White,Female,Polar Bear,Kathleen Barr,
6,112,Troll,,,,,Male,Troll,Stevie Vallance,
6,113,Troll Wife #1,,Medium Deep,Black,Black,Female,Troll,Kathleen Barr,
6,113,Troll Wife #2,,Medium Deep,Black,Black,Female,Human,Kathleen Barr,
6,114,Troll Wife #2,,Light Medium,Hazel,Orange,Female,Troll,Lalainia Lindbjerg Strelau,
6,114,Troll Wife #3,,Light Medium,Hazel,Orange,Female,Human,Lalainia Lindbjerg Strelau,
6,115,Troll Wife #3,,Light,Blue,Blonde,Female,Troll,Kelly Sheridan,
6,115,Troll Wife #4,,Light,Blue,Blonde,Female,Human,Kelly Sheridan,
6,116,Wenlock,,Light Medium,Yellow/Blue,Brown,Male,Human Sorcerer,Colin Murdock,
7,73,Elina,Barbie,Light,Green,Blonde,Female,Flower Fairy,Kelly Sheridan,
7,73,Elina,Barbie,Light,Green,Blonde,Female,Mermaid,Kelly Sheridan,
7,75,Azura,,Light,Blue,Blue,Female,Fairy,Venus Terzo,
7,76,Bibble,,Light,Blue,Blue/Pink,Male,Puffball,Lee Tockar,
7,76,Deep Bibble,,Light,Blue,Blue/Pink,Male,Puffball,Blu Mankuma,
7,76,Opera Bibble,,Light,Blue,Blue/Pink,Male,Puffball,Raphael Wagner,
7,78,Dandelion,,Light,Gray,Orange,Female,Flower Fairy,Tabitha St. Germain,
7,80,Fungus,,Green,Brown,Black,Male,Fungi,Lee Tockar,
7,85,Laverna,,Light,Green,Green,Female,Dark Fairy,Kathleen Barr,
7,117,Fungus Maximus,,Green,Brown,Green,Male,Fungi,Christopher Gaze,
7,118,Nalu,,Light Medium,Green,Brown,Male,Merman,Alessandro Juliani,
7,119,Nori,,Light,Blue,Blue,Female,Mermaid,Chiara Zanni,
7,120,Pink Merfairy,,Light Medium,Green,Pink,Female,Merfairy,Teryl Rothery,
7,121,Purple Merfairy,,Light Medium,Purple,Purple,Female,Merfairy,Venus Terzo,
7,122,Sea Butterfly,,Light,Blue,Pink,Female,Merfairy,Andrea Libman,
7,123,Shellie/Delphine,,Pink,Blue,,Female,Snail Oracle,Nicole Oliver,
7,124,Teeny Mermaid,,Light Medium,Purple,Pink,Female,Mermaid,Tabitha St. Germain,
7,125,Wise Fish,,,,,Male,Fish,Pam Hyatt,
7,126,Yellow Merfairy,,Light,Light Brown,Blonde,Female,Merfairy,Brittney Wilson,
8,127,Barbie,Barbie,Light Medium,Blue,Blonde,Female,Human,Kelly Sheridan,
8,128,Courtney,Courtney,Light Medium,Green,Brown,Female,Human,Sarah Edmondson,
8,129,Dawn,,Light,Deep,Dark,Female,Human,Anna Cummer,
8,130,Kevin,,Light Medium,Light Blue,Brown,Male,Human,Matt Hill,
8,131,Mr. Bennett,,Light,Light Brown,Brown,Male,Human,Michael Dangerfield,
8,132,Mr. Wexler,,Light,Light Brown,Dark Brown,Male,Human,Joe May,
8,133,Other Sales Girl,,,,,Female,Human,Tabitha St. Germain,
8,134,Passing Girl 1,,,,,Female,Human,Cathy Weseluck,
8,135,Passing Girl 2,,,,,Female,Human,Venus Terzo,
8,136,Popular Boy 2,,,,,Male,Human,Joe May,
8,137,Principal Peters,,Light,Brown,Light Gray,Female,Human,Cathy Weseluck,
8,138,Raquelle,,Light,Green,Blonde,Female,Human,Chiara Zanni,
8,139,Regen,,Light Medium,Light Green,Dark Blonde,Female,Human,Maryke Hendrikse,
8,140,Stage Manager,,,,,Male,Human,Michael Dangerfield,
8,141,Stephanie,,Light,Brown,Redhair,Female,Human,Heather Doerksen,
8,142,The DJ,,,,,Female,,Ashleigh Ball,
8,143,Tia,,Medium,Brown,Brown,Female,Human,Venus Terzo,
8,144,Todd,,Light Medium,Brown,Blonde,Male,Human,Andrew Francis,
9,145,Princess Genevieve,Barbie,Light Medium,Deep Blue,Blonde,Female,Human,Kelly Sheridan,
9,146,Prince Derek,Ken,Light Medium,Blue,Brown,Male,Human,Shawn MacDonald,
9,147,Ambassador of Bulovia,,Light Medium,Brown,Gray,Male,Human,Jonathan Holmes,
9,148,Brutus,,Brown,Brown,White/Gray,Male,Monkey,Peter Kelamis,
9,149,Desmond,,Light Medium,Light Teal,Gray,Male,Human,Garry Chalk,
9,150,Duchess Rowena,,Light Medium,Light Blue,Gray,Female,Human,Catherine O'Hara,
9,151,Fabian,,Light,Gray,Brown,Male,Human,Mark Oliver,
9,152,Felix,,,Brown,Green/Blue/Yellow,Male,Bird,Gabe Khouth,
9,153,Guard #1,,,,,Male,Human,Mark Oliver,
9,154,King Randolph,,Light Medium,Light Teal,Dark Blonde,Male,Human,Christopher Gaze,
9,155,Princess Ashlyn,,Medium,Light Blue,Brown,Female,Human,Nicole Oliver,
9,156,Princess Blair,,Light,Deep Blue,Deep Brown,Female,Human,Jennifer Copping,
9,157,Princess Courtney,,Light Medium,Brown,Brown,Female,Human,Lalainia Lindbjerg Strelau,
9,158,Princess Delia,,Light Medium,Light Green,Light Blonde,Female,Human,Kathleen Barr,
9,159,Princess Edeline,,Light Medium,Light Brown,Brown,Female,Human,Chiara Zanni,
9,160,Princess Fallon,,Light Medium,Brown,Blonde,Female,Human,Adrienne Carter,
9,161,Princess Hadley,,Light Medium,Light Blue,Blonde,Female,Human,Ashleigh Ball,
9,162,Princess Isla,,Light Medium,Deep Blue,Dark Brown,Female,Human,Ashleigh Ball,
9,163,Princess Janessa,,Light Medium,Blue,Dark Brown,Female,Human,Britt McKillip,
9,164,Princess Kathleen,,Light Medium,Blue,Redhair,Female,Human,Maddy Capozzi,
9,165,Princess Lacey,,Light Medium,Light Teal,Blonde,Female,Human,Chantal Strand,
9,166,Royal Butler,,,,,Male,Human,Mark Oliver,
9,167,Sentry #1,,,,,Male,Human,Mark Oliver,
9,168,Sentry #2,,,,,Male,Human,David Kaye,
9,169,Sentry #4,,,,,Male,Human,Peter Kelamis,
9,170,the Royal Doctor,,,,,Male,Human,David Kaye,
9,171,Twyla,,,Green,Orange/White,Female,Cat,Nicole Oliver,
10,73,Elina,Barbie,Light,Green,Blonde,Female,Flower Fairy,Kelly Sheridan,
10,75,Azura,,Light,Blue,Blue,Female,Fairy,Venus Terzo,
10,76,Bibble,,,Blue,Blue/Pink,Male,Puffball,Lee Tocker,
10,78,Dandelion,,Light,Gray,Orange,Female,Flower Fairy,Tabitha St. Germain,
10,79,Enchantress,,Light,Blue,Platinum Blonde,Female,Fairy,Nancy Sorel,
10,85,Laverna,,Light,Green,Green,Female,Dark Fairy,Kathleen Barr,
10,96,Topaz,,Light,Amber,Strawberry Blonde,Female,Fairy,Tabitha St. Germain,
10,117,Fungus Maximus,,Green,Brown,Green,Male,Fungi,Christopher Gaze,
10,172,Dizzle,,,Purple,Purple/Pink,Female,Puffball,Cathy Weseluck,
10,173,Faban,,Light Medium,Brown,Dark,Male,Fairy,Alistair Abell,
10,174,Glee,,Light Medium,Brown,Purple,Female,Flower Fairy,Lalainia Lindbjerg Strelau,
10,175,Linden,,Light Medium,Light Purple,Light Brown,Male,Oread Fairy,Andrew Francis,
10,176,Lumina,,Light Medium,Blue,Blue,Female,Moon Fairy,Saffron Henderson,
10,177,Pixie #1,,,,,Female,Pixie,Venus Terzo,
10,178,Pixie #2,,,,,Female,Pixie,Andrea Libman,
10,179,Shimmer,,Light,Blue,Pink,Female,Pixie,Andrea Libman,
10,180,Sunburst,,Light Medium,Brown,Orange,Female,Sparkle Fairy,Sharon Alexander,
10,181,Tourmaline,,Medium,Brown,Brown,Male,Fairy,Peter New,
11,182,Ro / Princess Rosella,Barbie,Light Medium,Blue,Blonde,Female,Human,Kelly Sheridan,Melissa Lyons
11,183,Prince Antonio,Ken,Light Medium,Light Green,Brown,Male,Human,Alessandro Juliani,
11,184,Azul,,Light Medium,Brown,Blue,Male,Peacock,Steve Marvel,
11,185,Gerard The Butler,,,,,Male,,Garry Chalk,
11,186,Calvin,,,,,Male,,Terry Klassen,
11,187,Frazer,,Light Medium,Brown,Brown,Male,Human,Garry Chalk,
11,188,Guard,,,,,Male,,David Kaye,
11,189,Guard,,,,,Male,,Terry Klassen,
11,190,Horse,,,,,Male,,Terry Klassen,
11,191,King Peter,,Light Medium,Blue,Brown,Male,Human,Russell Roberts,
11,192,Lorenzo,,,,,Male,,Brian Drummond,
11,193,Mama Pig,,Pink,Green,,Female,Pig,Patricia Drake,
11,194,Minister,,,,,Male,Human,Steve Marvel,
11,195,Matt,,,Brown,Gray,Male,Rat,,
11,195,Nat,,,Brown,Brown,Male,Rat,Scott Page-Pagter,
11,196,Pat,,,Brown,Brown,Male,Rat,Ian James Corlett,
11,197,Princess Gina,,Light Medium,Blue,Redhair,Female,Human,Carly McKillip,
11,198,Princess Luciana,,Light Medium,Light Brown,Brown,Female,Human,Candice Nicole,
11,199,Princess Rita,,Light Medium,Deep Blue,Dark Brown,Female,Human,Britt McKillip,
11,200,Princess Sofia,,Light Medium,Blue,Blonde,Female,Human,Chantal Strand,
11,201,Queen Ariana,,Light Medium,Blue,Red,Female,Human,Andrea Martin,
11,202,Queen Danielle,,Light Medium,Light Blue,Brown,Female,Human,Patricia Drake,
11,203,Sagi,,,Brown,Orange/White,Male,Red Panda,Christopher Gaze,
11,204,Tallulah,,Brown,Brown,White,Female,Monkey,Bets Malone,
11,205,Tika,,Gray,Blue,,Female,Elephant,Susan Roman,
11,206,Tiny,,,Brown,White/Green/Blue,Female,Bird,Kathleen Barr,
12,73,Elina,Barbie,Light,Green,Blonde,Female,Flower Fairy,Kelly Sheridan,
12,76,Bibble,,,Blue,Blue/Pink,Male,Puffball,Lee Tockar,
12,172,Dizzle,,,Purple,Purple/Pink,Female,Puffball,Cathy Weseluck,
12,207,Anemone,,Light Medium,Blue,Blue,Female,Mermaid,Jane Barr,
12,208,Coral,,Light Medium,Blue,Purple,Female,Mermaid,Tabitha St. Germain,
12,209,Fairy Speck,,Pink,Purple,Blue,Female,Fairy Speck,Cathy Weseluck,
12,210,Flutterpixie,,,,,Female,Flutterpixie,Tabitha St. Germain,
12,211,Henna,,Light Medium,Blue,Purple,Female,Butterfly Fairy,Nicole Oliver,
12,212,Lord Gastrous,,Medium,Brown,Gray,Male,Flower Fairy,Alistair Abell,
12,213,Mariposa,,Light Medium,Brown,Blonde/Pink,Female,Butterfly Fairy,Chiara Zanni,
12,214,Prince Carlos,Ken,Light Medium,Teal,Brown,Male,Butterfly Fairy,Alessandro Juliani,
12,215,Queen Marabella,,Light Medium,Light Blue,Blonde,Female,Flower Fairy,Jane Barr,
12,216,Rayla,,Light Medium,Blue,Blue,Female,Butterfly Fairy,Erin Mathews,
12,217,Rayna,,Light Medium,Blue,Pink,Female,Butterfly Fairy,Kathleen Barr,
12,218,Royal Guard,,,,,Male,,David Kaye,
12,219,Skeezite #1,,,,,Male,Skeezite,Terry Klassen,
12,220,Skeezite #2,,,,,Male,Skeezite,Lee Tockar,
12,221,Willa,,Light,Purple,Purple,Female,Butterfly Fairy,Tabitha St. Germain,
12,222,Zinzie,,,Blue,White/Pink,Female,Meewah,Cathy Weseluck,
13,1,Barbie,Barbie,Light Medium,Blue,Blonde,Female,Human,Kelly Sheridan,
13,223,Princess Liana,Barbie,Light Medium,Blue,Blonde,Female,Human,Kelly Sheridan,Melissa Lyons
13,224,Ian,Ken,Light Medium,Green,Brown,Male,Human,Noel Johansen,
13,225,Jeremy,Ken,Light Medium,Green,Brown,Male,Human,Jeremy From,
13,226,Stacie,Stacie,Light Medium,Blue,Blonde,Female,Human,Chantal Strand,
13,227,Teresa,Teresa,Medium,Teal,Brown,Female,Human,Cassidy Ladden,
13,228,Alexa,Teresa,Medium,Teal,Brown,Female,Human,Cassidy Ladden,
13,229,Butler,,Light Medium,Brown,Brown,Male,Human,Ron Halder,
13,230,Dori,,Light Medium,Brown,Brown,Female,Muse,Nicole Oliver,
13,231,Edgar the Innkeeper,,Light Medium,Brown,Blonde,Male,Human,Michael Dobson,
13,232,Lily,,,Brown,White,Female,Dog,Veena Sood,
13,233,Lydia,,Light,Green,Brown,Female,Muse,Kathleen Barr,
13,234,Maid,,Light Medium,Brown,Dark Brown,Female,Human,Nicole Oliver,
13,235,Melody,,Light Medium,Blue,Brown,Female,Muse,Maryke Hendrikse,Lara Janine
13,236,Old Woman,,Light Medium,Brown,Gray,Female,Human,Linda Sorenson,
13,237,Phaedra,,Light Medium,Brown,Dark Brown,Female,Muse,Heather Doerksen,
13,238,Slyder,,Green,Brown,,Male,Flying Serpent,Mark Acheson,
13,239,Sparkles,,,Brown,White/Light Brown,Female,Dog,Veena Sood,
13,240,Troll,,Medium Deep,Brown,Brown,Male,Troll,Scott McNeil,
13,241,Waitress,,Light Medium,Brown,Dark Brown,Female,Human,Heather Doerksen,
14,1,Barbie,Barbie,Light Medium,Blue,Blonde,Female,Human,Kelly Sheridan,
14,8,Kelly,Kelly / Chelsea,Light Medium,Blue,Blonde,Female,Human,Amelia Thripura Henderson,
14,242,Eden Starling,Barbie,Light Medium,Green,Blonde,Female,Human,Morwenna Banks,Melissa Lyons
14,242,Young Eden Starling,,Light Medium,Green,Blonde,Female,Human,Prudence Edwards,Leanne Araya
14,243,Ann/Nan,,Light Medium,Brown,Dark,Female,Human,Shannon Chan-Kent,Ann/Nan
14,244,Aunt Marie,,Light Medium,Brown,Gray,Female,Human,Pam Hyatt,
14,245,Baby,,Light Medium,Brown,Brown,Female,Human,Tabitha St. Germain,
14,246,Boz,,,Brown,Dark,Male,Dog,Terry Klassen,
14,247,Catherine,,Medium,Brown,Brown,Female,Human,Kandyse McClure,
14,247,Young Catherine,,Medium,Brown,Brown,Female,Human,Kandyse McClure,Shauntia Fleming
14,248,Chuzzlewit,,,Green,White,Male,Cat,Kathleen Barr,
14,249,Freddy,,Light Medium,Brown,Brown,Male,Human,Luke Smith,Anthony Fett
14,250,Hypnotist,,Light Medium,Brown,White,Male,Human,Terry Klassen,
14,251,Jacob,,,,,Male,Human,Morgan Roff,
14,252,Maurice,,Light Medium,Brown,Brown,Male,Human,Fabrice Grover,Tim Fett
14,253,Mrs. Beadnell,,Medium,Brown,Brown,Female,Human,Melissa Lloyd,
14,254,Mrs. Dorrit,,Medium,Brown,Dark,Female,Human,Kathleen Barr,
14,255,Nell,,Medium Deep,,,Female,Human,Melissa Lloyd,
14,256,Orphanage Head,,Light Medium,Blue,Dark Gray,Male,Human,Fabrice Grover,
14,257,Seamstress,,Light Medium,Brown,Brown,Female,Human,Tabitha St. Germain,
14,258,Spirit of Christmas Future,,Light Medium,Brown,Dark Gray,Female,Spirit,Gwyneth Walsh,Kelly Bixby
14,259,Spirit of Christmas Past,,Light,Blue,White,Female,Spirit,Tabitha St. Germain,Leanne Araya
14,260,Spirit of Christmas Present,,Light Medium,Brown,Redhair,Female,Spirit,Kathleen Barr,Lisa Roth
14,261,Tammy,,Light Medium,Blue,Blonde,Female,Human,Amelia Thripura Henderson,Michael Ann Angone
14,755,Singing Voices,,,,,,,,Go Children's
14,756,Singing Voices,,,,,,,,Leanne Araya
15,1,Barbie,Barbie,Light Medium,Blue,Blonde,Female,Human,Kelly Sheridan,
15,262,Carla,,Light Medium,Brown,Brown,Female,Human,France Perras,
15,263,Chrysella,,Light Medium,Light Green,Brown,Female,Twillerbee,Tabitha St. Germain,
15,264,Emma,,Light,Brown,Brown,Female,Human,Natasha Calis,
15,265,Evan,,Light Medium,Brown,Brown,Male,Human,Peter New,
15,266,Janessa,,Light Medium,Brown,Brown,Female,Twillerbee,Cathy Weseluck,
15,267,Louie,,Light Medium,Brown,Brown,Male,Human,Garry Chalk,
15,268,Lucas,,Light Medium,Blue,Blonde,Male,Human,Sean Thomas,
15,269,Makena,,Light Medium,Green,Dark Brown,Female,Human,Kelly Metzger,
15,270,Myron,,Light Medium,Green,Brown,Male,Human,Louis Chirillo,
15,271,Olivia,,Light Medium,Brown,Brown,Female,Human,Allison Cohen,
15,272,Poofles,,,Brown,Beige/Brown,Male,Dog,Brian Drummond,
15,273,Rick,,Light Medium,Brown,Brown,Male,Human,Mackenzie Gray,
15,274,Thumbelina,,Light Medium,Blue,Blonde/Pink,Female,Twillerbee,Anna Cummer,
15,275,Vanessa,,Light Medium,Green,Brown,Female,Human,Kathleen Barr,
15,276,Violet,,Light Medium,Blue,Blonde,Female,Human,Ashleigh Ball,
16,277,Corinne,Barbie,Light Medium,Blue,Blonde,Female,Human,Kelly Sheridan,
16,278,Alexander,,,Brown,Brown,Male,Horse,David Kaye,
16,279,Aramina,,Light Medium,Green,Redhair,Female,Human,Willow Johnson,
16,280,Bertram,,Light Medium,Brown,Dark,Male,Human,Michael Dobson,
16,281,Brutus,,,Brown,Brown,Male,Dog,Brian Dobson,
16,282,Corinne's Mother,,Light Medium,Green,Blonde,Female,Human,Nicole Oliver,
16,283,Driver,,Light Medium,,Dark,Male,Human,David Kaye,
16,284,Fancy Dress Girl #1,,Light Medium,,Brown,Female,Human,Nicole Oliver,
16,285,Fancy Dress Girl #2,,Light,,Redhair,Female,Human,Kathleen Barr,
16,286,Handsome Man,,,,,Male,Human,Brad Swaile,
16,287,Hélène,,Light Medium,Brown,Light Gray,Female,Human,Kathleen Barr,
16,288,Henchmen,,,,,Male,Human,Terry Klassen,
16,289,Madame de Bossé,,Light Medium,Brown,Brown,Female,Human,Merrilyn Gann,
16,290,Miette,,,Blue,Beige,Female,Cat,Amelia Henderson,
16,291,Miette Walla,,,,,Female,,Tabitha St. Germain,
16,292,Monsieur Treville,,Light Medium,Brown,Gray,Male,Human,Bernard Cuffling,
16,293,Musketeer #1,,Light Medium,,Brown,Male,Human,Alistair Abell,
16,294,Musketeer #2,,Light Medium,,Blonde,Male,Human,Brian Drummond,
16,295,Musketeer Guard,,Light Medium,,Light Brown,Male,Human,Michael Dobson,
16,296,Philippe,,Light Medium,Brown,Brown,Male,Human,Tim Curry,
16,297,Pig,,Pink,Brown,,Male,Pig,Terry Klassen,
16,298,Prince Louis,,Light Medium,Brown,Brown,Male,Human,Mark Hildreth,
16,299,Regent Guard #1,,Light Medium,,Brown,Male,Human,Terry Klassen,
16,300,Regent Guard #2,,Light Medium,,Light Brown,Male,Human,Brian Dobson,
16,301,Renée,,Medium,Brown,Dark,Female,Human,Dorla Bell,
16,302,Royal Announcer,,Light Medium,Brown,Brown,Male,Human,Alistair Abell,
16,303,Serge,,Light Medium,Brown,Brown,Male,Human,Brad Swaile,
16,304,Viveca,,Medium,Brown,Brown,Female,Human,Kira Tozer,
17,305,Merliah,Barbie,Light Medium,Blue,Blonde,Female,Human,Kelly Sheridan,
17,305,Merliah,Barbie,Light Medium,Blue,Blonde,Female,Mermaid,Kelly Sheridan,
17,306,Break,,Medium,Blue,Gray,Male,Human,Garry Chalk,
17,307,Calissa,,Light,Blue,Blonde,Female,Mermaid,Nicole Oliver,
17,308,Deandra,,Light,Purple,Brown/Blue,Female,Mermaid,Shannon Chan-Kent,
17,309,Deanne,,Light Medium,Purple,Brown/Purple,Female,Mermaid,Tabitha St. Germain,
17,310,Dee,,Light Medium,Blue,Blonde/Pink,Female,Mermaid,Andrea Libman,
17,311,Dreamfish,,Blue,Blue,,Male,Fish,Alex Ferris,
17,312,Eris,,Light,Brown,Redhair,Female,Mermaid,Kathleen Barr,
17,313,Fallon,,Deep,Brown,Brown,Female,Human,Nakia Burrise,
17,314,Hadley,,Light Medium,Brown,Blonde,Female,Human,Maryke Hendrikse,
17,315,Kayla,,Light Medium,Teal,Blonde/Blue,Female,Mermaid,Emma Pierson,
17,316,Lipstick Fish,,Yellow,Purple,Orange,Female,Fish,Ellen Kennedy,
17,317,Pufferazzi,,Yellow,Green,,Male,Fish,Alistair Abell,
17,318,Remo,,Green,Brown,,Male,Seahorse,Alistair Abell,
17,319,Snouts,,,Brown,Brown,Male,Sea Lion,Kathleen Barr,
17,320,Surf Announcer,,Medium,,Dark Brown,Male,Human,Peter Mel,
17,321,Syrenka,,Light Medium,Teal,Blonde,Female,Mermaid,Ellen Kennedy,
17,322,Syrenka's Pet Fish,,Purple,,Yellow,Male,Fish,Scott McNeil,
17,323,Xylie,,Light Medium,Teal,Brown/Pink,Female,Mermaid,Ciara Janson,
17,324,Zuma,,Pink,Blue,,Female,Dolphin,Tabitha St. Germain,
18,1,Barbie,Barbie,Light Medium,Blue,Blonde,Female,Human,Diana Kaarina,
18,227,Teresa,Teresa,Medium,Brown,Brown,Female,Human,Maryke Hendrikse,
18,325,Ken,Ken,Light Medium,Blue,Blonde,Male,Human,Adrian Petriw,
18,326,Raquelle,Raquelle,Light,Blue,Dark,Female,Human,Britt Irvin,
18,327,Aunt Millicent,,Light Medium,Blue,White,Female,Human,Patricia Drake,
18,328,Delphine,,Light Medium,Brown,Redhair,Female,Human,Shannon Chan-Kent,
18,329,Fashionable Woman,,Light Medium,Green,Redhair,Female,Human,France Perras,
18,330,Glimmer,,Light,Blue,Pink,Female,Fashion Fairy,Andrea Libman,
18,331,Grace,,Medium,Green,Brown,Female,Human,Kandyse McClure,
18,332,Hotdogeteria Guy,,Light Medium,Brown,Brown,Male,Human,Vincent Tong,
18,333,Incidental,,,,,Female,,Maryke Hendrikse,
18,334,Incidental,,,,,Male,,Peter New,
18,335,Incidentals,,,,,Female,,France Perras,
18,336,Incidentals,,,,,Male,,Michael Dobson,
18,337,Jacqueline,,Light Medium,Teal,Blonde,Female,Human,Alexa Devine,
18,338,Jacques,,,Brown,White/Beige,Male,Dog,Charles Fathy,
18,339,Jilliana,,,Blue,White,Female,Cat,Annick Obonsawin,
18,340,Lilliana Roxelle,,Light Medium,Brown,Brown,Female,Human,Nicole Oliver,
18,341,Lulu,,,Blue,Brown,Female,Dog,Nicole Bouma,
18,342,Marie-Alecia,,Light Medium,Brown,Brown,Female,Human,Tabitha St. Germain,
18,343,Movie Director,,Light Medium,Brown,Light Brown,Male,Human,Peter New,
18,344,Paris Taxi Driver,,,,,Male,,Charles Fathy,
18,345,Sequin,,,Blue,White,Female,Dog,Brandy Kopp,
18,346,Shimmer,,Light Purple,Blue,Purple,Female,Fashion Fairy,Kelly Metzger,
18,347,Shyne,,Pink,Pink,Pink,Female,Fashion Fairy,Chiara Zanni,
18,348,Spencer,,Light Medium,Brown,Brown,Male,Human,Peter Kelamis,
18,349,Wicked Queen,,Light Medium,Blue,Brown,Female,Human,Cathy Weseluck,
18,350,Zombie Peas,,Green,,,Male,Human,Michael Dobson,
19,1,Barbie,Barbie,Light Medium,Blue,Blonde,Female,Human,Diana Kaarina,
19,325,Ken,Ken,Light Medium,Blue,Blonde,Male,Human,Adrian Petriw,
19,326,Raquelle,Raquelle,Light,Blue,Dark,Female,Human,Britt Irvin,
19,326,Raquelle,Raquelle,Light,Blue,Dark,Female,Fairy,Britt Irvin,
19,340,Lilliana Roxelle,,Light Medium,Brown,Brown,Female,Fairy,Nicole Oliver,
19,351,Carrie,,Medium,Brown,Brown,Female,Purse Fairy,Cassandra Morris,
19,352,Crystal,,Light Medium,Green,Brown,Female,Fairy,Brittney Wilson,
19,353,Fitting Room Attendant,,Medium,Brown,Brown,Female,Human,Nicole Oliver,
19,354,Graylen,,Medium Deep,Brown,Gray,Male,Fairy,Nathaniel DeVeaux,
19,355,Princess Graciella,,Light Medium,Blue,Pink,Female,Fairy,Alexandra Carter,
19,356,Reena,,Medium Deep,Brown,Brown,Female,Human,Candus Churchill,
19,357,Taylor,,Light Medium,Gray,Brown,Female,Shoe Fairy,Kate Higgins,
19,358,Tracy Clinger,,Light Medium,Gray,Brown,Female,Human,Barb Tyson,
19,359,Wedding Officiant,,Light Medium,Brown,Brown,Male,Fairy,Michael Dobson,
19,360,Zane,,Light Medium,Brown,Brown,Male,Fairy,Silvio Pollio,
20,361,Blair / Princess Sophia,Barbie,Light,Blue,Blonde,Female,Human,Diana Kaarina,
20,362,Prince Nicholas,Ken,Light Medium,Blue,Blonde,Male,Human,Vincent Tong,
20,363,Blair's Mom,,Light Medium,Brown,Brown,Female,Human,Ellen Kennedy,
20,364,Brock,,Light Medium,,Blonde,Male,Human,Derek Waters,
20,365,Caprice,,Light Medium,Blue,Blue,Female,Sprite,Anna Cummer,
20,366,Dame Devin,,Light Medium,Green,Blonde,Female,Human,Nicole Oliver,
20,367,Delancy,,Light Medium,Brown,Blonde,Female,Human,Brittney Wilson,
20,368,Emily Willows,,Light Medium,Brown,Brown,Female,Human,Madeleine Peters,
20,369,Female Announcer,,,,,Female,Human,Cathy Weseluck,
20,370,Grace,,Light Medium,Blue,Pink,Female,Sprite,Tabitha St. Germain,
20,371,Guard,,,,,Male,,Brian Drummond,
20,372,Guard #2,,,,,Male,,Vincent Tong,
20,373,Hadley,,Light Medium,Brown,Brown,Female,Human,Ali Liebert,
20,374,Harmony,,Light Medium,Green,Purple,Female,Sprite,Kazumi Evans,
20,375,Isla,,Light Medium,Brown,Dark,Female,Human,Shannon Chan-Kent,
20,376,Josette,,Medium Deep,Brown,Brown,Female,Human,Bethany Brown,
20,377,Keypad,,,,,Female,,Cathy Weseluck,
20,378,Lorraine,,Light Medium,Blue,Blonde,Female,Human,Tabitha St. Germain,
20,379,Male Announcer,,,,,Male,Human,Lee Tockar,
20,380,Miranda Ram-Nolte,,Light Medium,Brown,Brown,Female,Human,Princess Miranda,
20,381,Miss Privet,,Light,Green,Brown,Female,Human,Morwenna Banks,
20,382,Pawdicurist Sprite,,,,,Female,Sprite,Rachel Franco,
20,383,Portia,,Light,Blue,Redhair,Female,Human,Ali Liebert,
20,384,Prince,,,Brown,Beige,Male,Dog,Brian Drummond,
20,385,Royal Judge,,Light Medium,Blue,Dark,Male,Human,Brian Drummond,
20,386,Wickellia,,Light Medium,Green,Green,Female,Sprite,Kelly Metzger,
21,1,Barbie,Barbie,Light Medium,Blue,Blonde,Female,Human,Diana Kaarina,Jennifer Waris
21,8,Chelsea,Kelly / Chelsea,Light Medium,Blue,Blonde,Female,Human,Ashlyn Drummond,Lucia Vecchio
21,327,Millicent,,Light Medium,Light Blue,White,Female,Human,Patricia Drake,
21,387,Brian,,Light Medium,Blue,Light Brown,Male,Human,Aidan Drummond,
21,388,Christie Clauson,,Light Medium,Green,Brown,Female,Human,Maryke Hendrikse,Allie Feder
21,389,Cole Elif,,Light Medium,Brown,Brown,Male,Human,Alistair Abell,
21,390,Holly Elif,,Light Medium,Brown,Brown,Female,Human,Chiara Zanni,
21,391,Ivy Elif,,Light Medium,Brown,Blonde,Female,Human,Maryke Hendrikse,
21,392,Rudy,,,Blue,Black/White,Male ,Dog,,
21,393,Skipper,Skipper,Light Medium,Blue,Brown,Female,Human,Rachel Harrison,Nevada Brandt
21,394,Stacie,Stacie,Light Medium,Green,Blonde,Female,Human,Lauren Lavoie,Danielle Bessler
22,305,Merliah,Barbie,Light Medium,Blue,Blonde,Female,Mermaid,Kelly Sheridan,
22,305,Merliah,Barbie,Light Medium,Blue,Blonde,Female,Human,Kelly Sheridan,
22,306,Break,,Light Medium,Blue,Gray,Male,Human,Garry Chalk,
22,307,Calissa,,Light,Purple,Light Blonde,Female,Mermaid,Nicole Oliver,
22,312,Eris,,Light,Brown,Redhair,Female,Mermaid,Kathleen Barr,
22,313,Fallon,,Deep,Brown,Brown,Female,Human,Nakia Burrise,
22,314,Hadley,,Light Medium,Brown,Brown,Female,Human,Maryke Hendrikse,
22,317,Pufferazzi,,Yellow,Green,,Male,Fish,Alistair Abell,
22,318,Remo,,Yellow and Green,Brown,,Male,Seahorse,Alistair Abell,
22,319,Snouts,,,Brown,Brown,Male,Sea Lion,Kathleen Barr,
22,324,Zuma,,Pink,Blue,,Female,Dolphin,Tabitha St. Germain,
22,395,Allie,,Purple,Brown,,Female,Seahorse,Kelly Metzger,
22,396,Ambassador Kattrin,,Light Medium,Brown,Dark Brown,Female,Mermaid,Kira Tozer,
22,397,Ambassador Mirabella,,Light Medium,Brown,Blonde,Female,Mermaid,Britt Irvin,
22,398,Ambassador Renata,,Medium,Brown,Brown,Female,Mermaid,Bethany Brown,
22,399,Ambassador Selena,,Light,Deep Blue,Platinum Blonde,Female,Mermaid,Barb Tyson,
22,400,Announcer,,Medium,,Dark Brown,Male,Human,Peter Mel,
22,401,Callie,,Teal,Brown,,Female,Seahorse,Maryke Hendrikse,
22,402,Cichlid,,Green,Blue,,Male,Seahorse,Andrew Francis,
22,403,Georgie Majors,,Light Medium,Brown,Light Blonde,Female,Human,Jennifer Cameron,
22,404,Kylie,,Light Medium,Brown,Brown,Female,Mermaid,Ashleigh Ball,
22,404,Kylie,,Light Medium,Brown,Brown,Female,Human,Ashleigh Ball,
22,405,Rainbow Fish,,Green and Blue,Brown,,Male,Fish,Jonathan Holmes,
22,406,Reporter,,Medium,,Brown,Female,Human,Ashleigh Ball,
22,407,Server,,Light Medium,Brown,Brown,Male,Human,Jonathan Holmes,
22,408,Stargazer,,Green,Deep,,Male,Electrical Fish,Andrew Francis,
22,409,Stargazer Leader,,Green,Deep,,Male,Electrical Fish,Andrew Francis,
22,410,Surfer Alistair,,Medium,,Brown,Male,Human,Alistair Abell,
22,411,Surfer Kathleen,,Medium Deep,,Brown,Female,Human,Kathleen Barrd,
23,412,Charlotte,,Light,Green,Brown,Female,Human,Aislyn Watson,
23,413,Daniel,,Light,Brown,Brown,Male,Human,Zeke Norton,
23,414,Duchess Amelia,,Light Medium,Blue,Gray,Female,Human,Ellie King,
23,415,Duke Trentino,,Light Medium,Brown,Dark Gray,Male,Human,Mark Oliver,
23,416,Emily,,Light,Brown,Brown,Female,Human,Lily Snowden-Fine,
23,417,King Frederic,,Light Medium,Blue,Light Gray,Male,Human,Christopher Gaze,
23,418,Limburger,,Light Medium,Blue,Dark,Male,Human,Michael Dobson,
23,419,Meredith,,Light Medium,Blue,Blonde,Female,Human,Lauren Lavoie,
23,420,Nora,,Light Medium,Brown,Brown,Female,Human,Allison Warnyca,
23,421,Page,,,,,Male,,Christopher Gaze,
23,422,Palace Guard #1,,,,,Male,,Jonathan Holmes,
23,423,Palace Guard #2,,,,,Male,Human,Michael Dobson,
23,424,Popstar Keira,,Light Medium,Blue,Brown,Female,Human,Ashleigh Ball,Tiffany Giardina
23,425,Prince Liam,,Light Medium,Blue,Blonde,Male,Human,Adrian Petriw,
23,426,Princess Victoria,Barbie,Light Medium,Blue,Blonde,Female,Human,Kelly Sheridan,Jennifer Waris
23,427,Riff,,,Brown,Gray/White,Male,Dog,Adrian Petriw,
23,428,Rupert,,Light Medium,Brown,Dark,Male,Human,Jonathan Holmes,
23,429,Seymour Crider,,Light Medium,Brown,Brown,Male,Human,Peter Kelamis,
23,430,Trevi,,Light Medium,Blue,Blonde,Female,Human,Ashlyn Drummond,
23,431,Vanessa,,,Brown,White/Redhair,Female,Dog,Leala Selina,
24,432,Albrecht,,Medium,Brown,Brown,Male,Human,Trevor Devall,
24,433,Ballet Scout #1,,Medium,Blue,Brown,Male,Human,Trevor Devall,
24,434,Ballet Scout #2,,Medium,Blue,Brown,Male,Human,Kyle Rideout,
24,435,Berthe,,Light Medium,Blue,Dark Gray,Female,Human,Teryl Rothery,
24,436,Dillon,Ken,Light Medium,Blue,Blonde,Male,Human,Brett Dier,
24,437,Hailey,,Medium,Brown,Brown,Female,Human,Katie Crown,
24,438,Hannah,,Light Medium,Blue,Blonde,Female,Human,Ali Liebert,
24,439,Hilarion,,Light Medium,Brown,Blonde,Male,Human,Kyle Rideout,
24,440,Kristyn,Barbie,Light Medium,Blue,Blonde,Female,Human,Kelly Sheridan,
24,441,Madame Katerina,,Light Medium,Brown,Gray,Female,Human,Lori Triolo,
24,442,Madame Natasha,,Light Medium,Blue,Gray,Female,Human,Tabitha St. Germain,
24,443,Peasant,,,,,,,Bill Mondy,
24,444,Prince Siegfried,Ken,Light Medium,Blue,Blonde,Male,Human,Brett Dier,
24,445,Queen Vera,,Light Medium,Green,Dark Brown,Female,Human,Teryl Rothery,
24,446,Rothbart,,Light Medium,Brown,Dark/Gray,Male,Human Sorcerer,Bill Mondy,
24,447,Snow Queen,,Medium Deep,Blue,,Female,,Tabitha St. Germain,
24,448,Stage Manager,,,,,Female,,Tabitha St. Germain,
24,449,Sugar Plum Fairy,,Light,Purple,Brown,Female,Sugarplum Fairy,Tabitha St. Germain,
24,450,Swan Dancer,,,,,Female,,Tabitha St. Germain,
24,451,Tara,,Light Medium,Brown,Brown,Female,Human,Ali Liebert,
24,452,Thorpe,,Light Medium,Brown,Gray,Male,Human,Bill Mondy,
25,212,Lord Gastrous,,Medium,Brown,Gray,Male,Butterfly Fairy,Alistair Abell,
25,213,Mariposa,Barbie,Light Medium,Brown,Blonde/Pink,Female,Butterfly Fairy,Kelly Sheridan,
25,214,Prince Carlos,Ken,Light Medium,Teal,Brown,Male,Butterfly Fairy,Alessandro Juliani,
25,215,Queen Marabella,,Light Medium,Light Blue,Blonde,Female,Butterfly Fairy,Jane Barr,
25,221,Willa,,Light,Blue,Purple,Female,Butterfly Fairy,Tabitha St. Germain,
25,453,Anu,,,Brown,Blue,Male,Puffball,Kathleen Barr,
25,454,Boris,,,Yellow,Brown,Male,Bat,Sam Vincent,
25,455,Gwyllion,,Light Medium,Green,Gray,Female,Dark Fairy,Kathleen Barr,
25,456,King Regellius,,Light Medium,Blue,Light Gray,Male,Crystal Fairy,Russell Roberts,
25,457,Princess Catania,,Light,Light Blue,Blonde,Female,Crystal Fairy,Maryke Hendrikse,
25,458,Talayla,,Light Medium,Brown,Pink,Female,Crystal Fairy,Mariee Devereux,
25,459,Zee,,,Blue,Pink,Female,Puffball,Tabitha St. Germain,
26,460,Albain,,Light Medium,Blue,Light Blonde,Male,Human,Gabe Khouth,
26,461,Barbie,Barbie,Light Medium,Blue,Blonde,Female,Human,Kelly Sheridan,
26,462,Chelsea,Kelly / Chelsea,Light Medium,Blue,Blonde,Female,Human,Ashlyn Drummond,
26,463,Jonas,,Light Medium,Brown,Dark Brown,Male,Human,Cole Howard,
26,464,Madame Cheynet,,Light Medium,Blue,Gray,Female,Human,Maxine Miller,
26,465,Marie,,Light Medium,Blue,Light Blonde,Female,Human,Shannon Chan-Kent,
26,466,Marlene,,Light Medium,Green,Light Brown,Female,Human,Alex Kelly,
26,467,Max,,Light Medium,Blue,Light Blonde,Female,Human,Tabitha St. Germain,
26,468,Monsieur Etienne,,Light,Gray,Dark,Male,Human,Colin Murdock,
26,469,Monsieur Philippe,,Light Medium,Blue,Dark,Male,Human,Peter Kelamis,
26,470,Skipper,Skipper,Light Medium,Blue,Brown,Female,Human,Kazumi Evans,
26,471,Stacie,Stacie,Light Medium,Green,Blonde,Female,Human,Claire Corlett,
26,472,The tournament announcer,,,,,Male,Human,Colin Murdock,
26,473,Theo,,Light Medium,Blue,Dark Brown,Male,Human,Theo Bell,
26,744,Majesty,,,Blue,White/Blonde,Female,Horse,,
26,745,Popcorn,,,Brown,White,Female,Dog,,
26,746,Sebastian,,,Brown,White,Male,Dog,,
26,747,Pepper,,,Brown,Light Brown,Female,Horse,,
26,748,Dash,,,Blue,White,Female,Horse,,
26,749,Finian,,,Brown,Brown,Male,Horse,,
26,750,Reynaud,,,Black,Black,Male,Horse,,
26,751,Juniper,,,Green,Brown,Female,Horse,,
26,752,Barnabv,,,Brown,Brown/White,Male,Goat,,
26,753,Hurricane,,,Black,Gray/Black,Male,Horse,,
27,474,Caligo,,Light,Brown,Dark,Male,Merman,John Novak,
27,475,Cora,,Light Medium,Brown,Blonde,Female,Mermaid,MacKenzie Porter,
27,476,Dolphin,,Blue,Blue,,Male,Dolphin,Jeff Evans Todd,
27,477,Fergis,,Light Medium,Brown,Brown,Male,Merman,Simon Hill,
27,478,Garth,,Orange,Red,,Male,Eel,Patrick Gilmore,
27,479,King Nereus,,Light Medium,Blue,Gray,Male,Merman,Mark Oliver,
27,480,Kuda,,Pink,Blue,Pink,Female,Seahorse,Katie Crown,
27,481,Lumina,Barbie,Light Medium,Blue,Blonde,Female,Mermaid,Kelly Sheridan,
27,482,Madame Ruckus,,Pink,Blue,Redhair,Female,Octopus,Kathleen Barr,
27,483,Murray,,Green,Red,,Male,Eel,Peter New,
27,484,Prince Delphin,,Light Medium,Blue,Blonde,Male,Merman,Brian Doe,
27,485,Purple Mer-teen,,Light Medium,Blue,Purple,Female,Mermaid,Tabitha St. Germain,
27,486,Queen Lorelei,,Light Medium,Blue,Dark Brown,Female,Mermaid,Rebecca Shoichet,
27,487,Sandrine,,Light,Yellow,Dark Brown,Female,Mermaid,Nicki Burke,
27,488,Scylla,,Light Medium,Green,Light Gray,Female,Mermaid,Patricia Pattenden,
27,489,Spike,,Brown,Brown,,Male,Stonefish,James Higuchi,
27,490,Wormwood,,Green,Red,,Male,Eel,Louis Chirillo,
28,491,Alexa,Barbie,Light Medium,Blue,Blonde,Female,Human,Kelly Sheridan,Brittany McDonald
28,492,Brookhurst,,Light Medium,Brown,Gray,Male,Human,Christopher Gaze,
28,493,Father,,Light Medium,Blue,Brown,Male,Human,MacKenzie Gray,
28,494,Grandmother,,Light Medium,Blue,Gray,Female,Human,Ellie King,
28,495,Grodlin,,,Blue,Purple/Yellow,Male,Trog,Jonathan Holmes,
28,496,Jenna,,Medium,Brown,Brown,Female,Human,Britt Irvin,
28,497,King of Zinnia,,Light Medium,Green,Redhair,Male,Human,Michael Daingerfield,
28,498,Malucia,,Light Medium,Green,Purple,Female,Human,Tabitha St. Germain,
28,499,Mother,,Light Medium,Blue,Light Blonde,Female,Human,Anna Galvin,
28,500,Mr. Primrose,,Light Medium,Green,Gray/White,Male,Human,Jay Brazeau,
28,501,Nola,,Light Medium,Brown,Brown,Female,Fairy,Andrea Libman,
28,502,Nori,,Light Medium,Brown,Brown,Female,Fairy,Ashleigh Ball,
28,503,Prince Kieran,Ken,Light Medium,Blue,Blonde,Male,Human,Andrew Francis,
28,504,Queen of Zinnia,,Light Medium,Green,Purple,Female,Human,Teryl Rothery,
28,505,Romy,,Light Medium,Brown,Blonde,Female,Mermaid,Chanelle Peloso,
28,506,Samantha,,Light,Brown,Brown,Female,Human,Arielle Tuliao,
28,507,Sniff,,Purple and Yellow,Brown,Purple/Yellow,Male,Sniffer,Peter Kelamis,
28,508,Whiff,,Purple and Yellow,Green,Purple/Yellow,Male,Sniffer,Richard Ian Cox,
28,509,Youngling Fairy,,Purple,Blue,,Female,Bouncie,Ali Liebert,
29,510,Baron von Ravendale,,Light Medium,Blue,Dark Brown,Male,Human,Michael Kopsa,
29,511,Bruce,,Green,Brown,,Male,Frog,Gabe Khouth,
29,512,Construction Worker,,Light Medium,Brown,Brown,Male,Human,Michael Adamthwaite,
29,513,Corinne (Dark Sparkle),,Light Medium,Green,Light Brown,Female,Human,Britt Irvin,
29,514,Firechief,,Light Medium,Brown,Brown,Male,Human,Michael Daingerfield,
29,515,Gabby,,Light,Blue,Blonde,Female,Human,Alyssya Swales,
29,516,Kara (Super Sparkle),Barbie,Light Medium,Blue,Blonde,Female,Human,Kelly Sheridan,
29,517,King Kristoff,,Light Medium,Brown,Dark Brown,Male,Human,Michael Adamthwaite,
29,518,Madison,,Light Medium,Blue,Purple/Orange,Female,Human,Rebecca Husain,
29,519,Makayla,,Light Medium,Blue,Blue/Yellow,Female,Human,Kira Tozer,
29,520,Newton,,,Blue,Brown/White,Male,Dog,Kathleen Barr,
29,521,Parker,,,Blue,White,Female,Cat,Tabitha St. Germain,
29,522,Policeman,,Light Medium,Brown,Brown,Male,Human,Brian Drummond,
29,523,Queen Karina,,Light Medium,Blue,Brown,Female,Human,Patricia Drake,
29,524,Robber 1,,,,,Male,Human,Adam Pateman,
29,525,Robber 2,,,,,Male,Human,Brady Roberts,
29,526,Wes Rivers,,Light Medium,Blue,Blonde,Male,Human,David Kaye,
29,527,Zooey,,Light,Blue,Redhair,Female,Human,Chelsea Miller,
30,528,Allegra James,,Light Medium,Brown,Purple,Female,Human,Bethany Brown,
30,529,Clive,,Light Medium,Brown,Brown,Male,Human,Alessandro Juliani,
30,530,Eddie,,Light Medium,Brown,Brown,Male,Human,Peter Kelamis,
30,531,Erika Juno,,Medium,Brown,Brown/Blue,Female,Human,Chiara Zanni,
30,532,Finn Oxford,,Medium,Blue,Brown,Male,Human,Michael Dobson,
30,533,Jr. Campers,,Light Medium,Brown,Dark Brown,Female,Human,Alyssya Swales,
30,534,Jr. Campers,,Light Medium,Blue,Blonde,Female,Human,Gabriella Turner,
30,535,Jr. Campers,,Light Medium,Blue,Blonde/Pink,Female,Human,Rachel Beck,
30,536,Jr. Campers,,Light Medium,Blue,Redhair,Male,Human,Michael Strusievici,
30,537,Lady Anne,,Light Medium,Green,Redhair,Female,Human,Nicole Oliver,
30,538,Marcus,,Medium Deep,Brown,Brown,Male,Human,Omari Newton,
30,539,Phillip,,Light Medium,Blue,Blonde,Male,Human,Shaun Smyth,
30,540,Prince Edmund,Ken,Light Medium,Blue,Blonde,Male,Human,Adrian Petriw,
30,541,Prince Reginald,,Light Medium,Brown,Dark Gray,Male,Human,Alessandro Juliani,
30,542,Princess Aubray,,Light,Green,Redhair,Female,Human,Brynna Drummond,
30,543,Princess Courtney,Barbie,Light,Blue,Blonde,Female,Human,Kelly Sheridan,
30,544,Princess Genevieve,,Medium Deep,Brown,Brown,Female,Human,Bethany Brown,
30,545,Princess Olivia/Stevie,,Light Medium,Brown,Dark Blonde,Female,Human,Kira Tozer,
30,546,Rayna,,Light Medium,Brown,Red/Orange,Female,Human,Rachel Harrison,
30,547,Sloane,,Light,Green,Dark Brown/Pink,Female,Human,Ingrid Nilson,
30,548,Stevie,,Light Medium,Brown,Dark Red,Female,Human,Kira Tozer,
30,549,Svetlana Petranova,,Light,Green,Pale Blonde,Female,Human,Kelly Sheridan,
30,550,Zia,,Light Medium,Brown,Blue/Silver,Female,Human,Devyn Dalton,
31,551,Barbie,Barbie,Light Medium,Blue,Blonde,Female,Human,Kelly Sheridan,
31,552,Chelsea,Kelly / Chelsea,Light Medium,Blue,Blonde,Female,Human,Alyssya Swales,
31,553,Christie,Christie,Medium,Brown,Dark,Female,Human,Morgan Taylor Campbell,
31,554,DJ,,,Brown,Brown,Female,Dog,Taylor Dianne Robinson,
31,555,Founding Fathers of Willows,,,,,Male,Human,,
31,556,GPS Voice,,,,,,GPS,Michael Daingerfield,
31,557,Grandma Roberts,,Light Medium,Blue,Gray,Female,Human,Joanne Wilson,
31,558,Grandpa Roberts,,Light Medium,Blue,Gray,Male,Human,,
31,559,Honey,,,Brown,Beige,Female,Dog,Amelia Shoichet-Stoll,
31,560,Jack,,,Brown,Brown,Male,Dog,Brian Dobson,
31,561,Joe,,Light Medium,Brown,Hazel,Male,Human,Michael Daingerfield,
31,562,Lady Mistaken for Barbie,,Light Medium,Brown,Brown,Female,Human,Kazumi Evans,
31,563,Marty,,Light,Blue,Redhair,Male,Human,Sam Vincent,
31,564,Mayor Jenkins,,Light Medium,Brown,Gray,Male,Human,Brian Dobson,
31,565,Rookie,,,Brown,Beige,Female,Dog,Bronwen Holmes,
31,566,Skipper,Skipper,Light Medium,Blue,Brown,Female,Human,Kazumi Evans,
31,567,Stacie,Stacie,Light Medium,Green,Blonde,Female,Human,Claire Maggie Corlett,
31,568,Taffy,,,Brown,Beige,Female,Dog,Chelsea Miller,
31,569,Tiffany,,,Brown,Brown,Female,Dog,Rebecca Shoichet,
31,570,Willowfest Customer,,,,,Male,,Sam Vincent,
32,571,Agent Dunbar,,Light Medium,Brown,Dark,Male,Human,Brian Dobson,
32,572,Alarm,,,,,,,Kathleen Barr,
32,573,Announcer,,,,,Male,,Brian Dobson,
32,574,Barbie,Barbie,Light Medium,Blue,Blonde,Female,Human,Erica Lindbeck,
32,575,Chelsea,Kelly / Chelsea,Light Medium,Blue,Blonde,Female,Human,Alyssya Swales,
32,576,Head Chef,,Light Medium,Deep,Dark Gray,Male,Human,Brian Dobson,
32,577,Human,,Medium,Green,Brown,Female,Human,Jenny Pellicer,
32,578,Lazlo,,Light,Blue,Brown,Male,Human,Ian Hanlin,
32,579,Mila,,Medium,Brown,Brown,Female,Human,Elizabeth Irving,
32,580,Patricia,,Light Medium,Green,Violet/Pink,Female,Human,Rebecca Husain,
32,581,Percy,,Dark Pink,Pink,,Male,Techbot Dog,Jonathan Holmes,
32,582,Renée,,Light,Brown,Dark,Female,Human,Stephanie Sheh,
32,583,Violet,,White and Purple,Blue,,Female,Techbot Cat,Kathleen Barr,
32,584,Zoe,,Light,Brown,Light Gray/White,Female,Human,Cathy Weseluck,
33,585,Artemis,,White,Blue,Blue,Male,Robot,Ben Bledsoe,
33,586,Barbie,Barbie,Light Medium,Blue,Blonde,Female,Human,Erica Lindbeck,
33,587,George,,Light Medium,Blue,Dark,Male,Human,Michael Chandler,
33,588,Kareena,,Pink,Purple,Blue,Female,Alien,Sarah Anne Williams,
33,589,King Constantine,,Light,Deep,Dark Gray,Male,Human,Dwight Schultz,
33,590,Prince Leo,,Light Medium,Blue,Dark Brown,Male,Human,Robbie Daymond,
33,591,Pupcorn,,White,Purple,Purple,Male,Cat,Lucien Dodge,
33,592,Sal-Lee,,Medium,Purple,Purple,Female,Human,Kimberly Woods,
33,593,Sheena,,Pink,Purple,Pink,Female,Alien,Sarah Anne Williams,
33,594,The Narrator,,,,,Female,,Laura Post,
33,595,The Sprite #1,,Pink,Blue,Pink,Female,Sprite,Sarah Anne Williams,
33,595,The Sprite #2,,Pink,Blue,Brown,Female,Sprite,Sarah Anne Williams,
33,596,The Starlian,,Green,Brown,Pink,Male,Starlian,Jonathan Lipow,
34,551,Barbie,Barbie,Light Medium,Blue,Blonde,Female,Human,Erica Lindbeck,
34,552,Chelsea,Kelly / Chelsea,Light Medium,Blue,Blonde,Female,Human,Alyssya Swales,
34,554,DJ,,,Brown,Brown,Male,Dog,Taylor Dianne Robinson,
34,559,Honey,,,Brown,Beige,Female,Dog,Amelia Schoichet-Stoll,
34,565,Rookie,,,Brown,Beige,Male,Dog,Bronwen Holmes,
34,566,Skipper,Skipper,Light Medium,Blue,Brown,Female,Human,Kazumi Evans,
34,567,Stacie,Stacie,Light Medium,Green,Blonde,Female,Human,Claire Corlett,
34,568,Taffy,,,Brown,Beige,Female,Dog,Chelsea Miller,
34,597,Anna,,Medium,Brown,Dark,Female,Human,Brenda Crichlow,
34,598,Archibald,,,Yellow,White,Male,Dog,Mark Oliver,
34,599,Auntie Hannah,,Medium,Brown,Dark,Female,Human,Brenda Crichlow,
34,600,Beauty,,,Blue,White/Blonde,Female,Horse,Allie Campbell,
34,601,Island Hostess,,Medium,Light Brown,Dark,Female,Human,Kathleen Barr,
34,602,Lindsay,,Deep,Brown,Dark,Female,Human,Natasha Calis,
34,603,Marco,,Medium,Brown,Brown,Male,Human,Alex Barima,
34,604,Savannah,,Medium,Brown,Dark,Female,Human,Brenda Crichlow,
34,605,Silver,,,Light Blue,White/Pink,Female,Horse,Kathleen Barr,
34,606,Spirit,,,Blue,Brown/Blonde,Female,Horse,Maryke Hendrikse,
34,607,Vivian,,Medium Deep,Green,Brown,Female,Human,Evans Johnson,
35,608,Countdown Clock,        ,,,,Female,,Sienna Bohn,
35,609,Barbie,Barbie,Light Medium,Blue,Blonde,Female,Human,Erica Lindbeck,
35,610,Chelsea,Kelly / Chelsea,Light Medium,Blue,Blonde,Female,Human,Alyssya Swales,
35,611,Kris,Ken,Light,Blue,Blonde/Blue,Male,Video Game NPC,Brad Swaile,
35,612,Teresa,Teresa,Medium,Green,Brown,Female,Human,Sienna Bohn,
35,613,Bella,,Light,Purple,Purple,Female,Video Game NPC,Rebekah Asselstine,
35,614,Crystal,,Light,Green,Dark,Female,Video Game NPC,Ingrid Nilson,
35,615,Cutie,,Light,Deep,White,Male,Video Game Character,Michael Dobson,
35,616,Gaia,,Medium,Green,Red/Cyan,Female,Video Game NPC,Nesta Cooper,
35,617,Maia,,Light,Blue,Pink/Blue,Female,Video Game NPC,Shannon Chan-Kent,
35,618,Renee,,Light,Brown,Dark,Female,Human,Shannon Chan-Kent,
35,619,Squirrels,,,Deep,Brown,Male,Squirrel,Sam Vincent,
35,620,Video Game Narrator,,,,,Male,,Michael Dobson,
35,621,Virus,,,,,,Virus,Sam Vincent,
36,322,Hugo,,Light Medium,Blue,Brown,Male,Human,Paul Dobson,
36,323,Isla,,Medium,Green,Brown,Female,Mermaid,Shannon Chan-Kent,
36,551,Barbie,Barbie,Light Medium,Blue,Blonde,Female,Human,Erica Lindbeck,
36,552,Chelsea,Kelly / Chelsea,Light Medium,Blue,Blonde,Female,Human,Ciana Swales,
36,554,DJ,,,Brown,Brown,Male,Dog,,
36,559,Honey,,,Brown,Beige,Female,Dog,,
36,565,Rookie,,,Brown,Beige,Female,Dog,,
36,566,Skipper,Skipper,Light Medium,Blue,Brown,Female,Human,Kazumi Evans,
36,567,Stacie,Stacie,Light Medium,Green,Blonde,Female,Human,Claire Corlett,
36,568,Taffy,,,Brown,Beige,Female,Dog,,
36,622,Ken,Ken,Light Medium,Blue,Blonde,Male,Human,Adrian Petriw,
36,623,Marlo,,Light Medium,Brown,Red,Female,Human,Maryke Hendrikse,
36,624,Pete,,Light Medium,,,Male,Human,Garry Chalk,
37,551,Barbie,Barbie,Light Medium,Blue,Blonde,Female,Human,America Young,
37,552,Chelsea,Kelly / Chelsea,Light Medium,Blue,Blonde,Female,Human,Cassidy Naber,
37,566,Skipper,Skipper,Light Medium,Blue,Brown/Purple,Female,Human,Kirsten Day,
37,567,Stacie,Stacie,Light Medium,Green,Blonde,Female,Human,Cassandra Morris,
37,622,Ken,Ken,Light Medium,Blue,Blonde,Male,Human,Ritesh Rajan,
37,625,Alfonso,,Light Medium,Brown,Gray,Male,Human,Dave Fennoy,
37,626,Amelia,,Light Medium,Blue,Blonde,Female,Human,Erica Lindbeck,
37,627,Daisy,,Light Medium,Blue,Pink,Female,Human,Emma Galvin,
37,628,Emma,,Light Medium,Green,Brown,Female,Human,Amelia Diecker,
37,629,George,,Light Medium,Blue,Dark Gray,Male,Human,Greg Chun,
37,630,Margaret,,Light,Blue,Blonde,Female,Human,Lisa Fuson,
37,631,Ned and Ted Johnson (The Dudes),,Medium Deep,Brown,Brown,Male,Human,Ogie Banks,
37,632,Nikki,,Deep,Brown,Brown,Female,Human,Desirae Whitfield,
37,633,Prince Johan,,Light Medium,Brown,Brown,Male,Human,Angelo Restaino,
37,634,Principal Miller,,Deep,Brown,Dark Brown,Female,Human,Nakia Burrise,
37,635,Reggie,,Light Medium,Brown,Brown,Male,Human,Ben Pronsky,
37,636,Renee,,Light,Brown,Dark,Female,Human,Stephanie Sheh,
37,637,Teresa,Teresa,Medium,Green,Brown,Female,Human,Cristina Milizia,
37,638,Trey Reardon,,Light,Green,Brown,Male,Human,Eamon Brennan,
38,551,Barbie,Barbie,Light Medium,Blue,Blonde,Female,Human,America Young,
38,552,Chelsea,Kelly / Chelsea,Light Medium,Blue,Blonde,Female,Human,Cassidy Naber,
38,566,Skipper,Skipper,Light Medium,Blue,Brown/Purple,Female,Human,Kirsten Day,
38,567,Stacie ,Stacie,Light Medium,Green,Blonde,Female,Human,Cassandra Morris,
38,629,George,,Light Medium,Blue,Dark Gray,Male,Human,Greg Chun,
38,630,Margaret,,Light,Blue,Blonde,Female,Human,Lisa Fuson,
38,639,Alligator,,Green,Yellow,,Male,Crocodile,Greg Chun,
38,640,Arlene,,Medium,Brown,Pink,Female,Human,Laila Berzins,
38,641,Captain,,Light Medium,Brown,Brown,Female,Human,Nakia Burrise,
38,642,Dad Elephant,,Purple,Blue,,Male,Elephant,Greg Chun,
38,643,Darbie,,Yellow,Blue,Yellow,Female,Giraffe,America Young,
38,644,Don,,Light Medium,Brown,Brown,Male,Human,Benjamin Pronsky,
38,645,Engagement Boy,,,,,Male,Human,Benjamin Pronsky,
38,646,Giant Flower,,Purple,Deep,Yellow,Male,Flower,Jacob Craner,
38,647,Ice Cream Guy,,Light Medium,Light Brown,Blonde,Male,Human,Jacob Craner,
38,648,Kelsie,,Purple,Blue,,Female,Elephant,Cassidy Naber,
38,649,Lacie,,,Green,Brown/Yellow,Female,Monkey,Cassandra Morris,
38,650,Mom Elephant,,Purple,Blue,,Female,Elephant,Lisa Fuson,
38,651,Parrot,,,Yellow,Green/Blue/Yellow,Female,Bird,Laila Berzins,
38,652,Plant Based DJ,,Light Medium,,,Male,Human,Benjamin Pronsky,
38,653,Plant Guy,,,,,Male,Human,Greg Chun,
38,654,Pool Goer,,Light Medium,Light Brown,Blonde,Male,Human,Jacob Craner,
38,655,Porter ,,Light Medium,Green,Blonde,Male,Human,Jacob Craner,
38,656,Seagull,,White,Yellow,,Male,Bird,Laila Berzins,
38,657,Snipper,,,Purple,Orange/Purple,Female,Tiger,Kirsten Day,
38,658,Spider,,,Deep,Purple,Male,Spider,Benjamin Pronsky,
38,659,Tiki Statue,,,,,Male,Tiki Statue,Benjamin Pronsky,
38,660,Vampire,,Light,Deep,Dark,Male,Human,Jacob Craner,
39,551,Barbie Malibu,Barbie,Light Medium,Blue,Blonde,Female,Human,America Young,
39,552,Chelsea,Kelly / Chelsea,Light Medium,Blue,Blonde,Female,Human,Cassidy Naber,
39,566,Skipper,Skipper,Light Medium,Blue,Brown,Female,Human,Kirsten Day,
39,567,Stacie,Stacie,Light Medium,Green,Blonde,Female,Human,Cassandra Morris,
39,622,Ken,Ken,Light Medium,Blue,Blonde,Male,Human,Ritesh Rajan,
39,627,Daisy,,Light Medium,Blue,Pink,Female,Human,Emma Galvin,
39,629,George,,Light Medium,Blue,Dark Gray,Male,Human,Greg Chun,
39,630,Margaret,,Light,Blue,Blonde,Female,Human,Lisa Fuson,
39,637,Teresa,Teresa,Medium,Green,Brown,Female,Human,Cristina Milizia,
39,661,Barbie Brooklyn,Barbie Brooklyn,Deep,Brown,Dark,Female,Human,Amber May,
39,662,Cab Driver,,,,,Male,Human,Bernardo De Paula,
39,663,Dean Morrison,,Deep,Brown,Dark/White,Female,Human,Dinora Walcott,
39,664,Emmie (Lee),,Light Medium,Blue,Red,Female,Human,Giselle Fernandez,
39,665,Female Custodian,,,,,Female,Human,Salli Saffioti,
39,666,Mr. Miller,,Light Medium,Green,Redhair,Male,Human,Joshua Tomar,
39,667,Nikki,,Deep,Brown,Brown,Female,Human,Desirae Whitfield,
39,668,Percussionist,,Light,Blue,Green,Male,Human,Daniel MK Cohen,
39,669,Rafa,,Medium,Brown,Brown,Male,Human,Alejandro Saab,
39,670,Student,,,,,Female,Human,Cristina Milizia,
39,671,Student,,,,,Female,Human,Kirsten Day,
39,672,Student,,,,,Male,Human,Ritesh Rajan,
39,757,Opera Singer,,,,,Male,Human,,Gabe Kunda
40,323,Isla,,Medium,Green,Purple,Female,Human,Vivian Lu,
40,323,Isla,,Medium,Green,Purple,Female,Mermaid,Vivian Lu,
40,551,Barbie Malibu,Barbie,Light Medium,Blue,Blonde,Female,Mermaid,America Young,
40,551,Barbie Malibu,Barbie,Light Medium,Blue,Blonde,Female,Human,,
40,552,Chelsea,Kelly / Chelsea,Light Medium,Blue,Blonde,Female,Mermaid,Natalie Lashkari,
40,552,Chelsea,Kelly / Chelsea,Light Medium,Blue,Blonde,Female,Human,,
40,566,Skipper,Skipper,Light Medium,Blue,Brown,Female,Human,Kirsten Day,
40,567,Stacie,Stacie,Light,Green,Blonde,Female,Human,Cassandra Lee Morris,
40,567,Stacie,Stacie,Light,Green,Blonde,Female,Mermaid,Cassandra Lee Morris,
40,623,Marlo,,Light Medium,Light Brown,Dark Red,Female,Human,Melanie Minichino,
40,623,Marlo,,Light Medium,Light Brown,Dark Red,Female,Mermaid,Melanie Minichino,
40,661,Barbie Brooklyn,Barbie Brooklyn,Medium Deep,Brown,Dark,Female,Mermaid,Tatiana Varria,
40,661,Barbie Brooklyn,Barbie Brooklyn,Medium Deep,Brown,Dark,Female,Human,,
40,673,Aquaryah Aquavilla,,Light Medium,Light Brown,Pink,Female,Mermaid,Madelyn Kratzer,
40,674,Coralia/Angler Fish,,Light,Light Blue,Silver,Female,Mermaid,Angela Lee Sloan,
40,675,Dr. Tang,,,,,,,Vivian Lu,
40,676,Finn,,Light,Yellow,Rainbow,Male,Merman,Johnny Yong Bosch,
40,677,Mermaid 2,,,,,,Mermaid,Melanie Minichino,
40,678,Oslo,,Light Medium,Brown,White,Male,Human,Jabez Zuniga,
40,679,Sareena Seasquid,,Light,Green,Green,Female,Mermaid,Cassidy Naber,
40,680,Talleigha Fishtail,,Deep,Blue,Blue,Female,Human,Tiana Camacho,
40,680,Talleigha Fishtail,,Deep,Blue,Blue,Female,Mermaid,Tiana Camacho,
40,681,Waiter,,,,,Male,,Johnny Yong Bosch,
40,754,Gato,,,Brown,Brown White Black,Male,Dog,,
41,551,Barbie Malibu,Barbie,Light Medium,Blue,Blonde,Female,Human,America Young,
41,552,Chelsea,Kelly / Chelsea,Light Medium,Blue,Blonde,Female,Human,Cassidy Naber,
41,566,Skipper,Skipper,Light Medium,Blue,Brown/Purple,Female,Human,Kirsten Day,
41,567,Stacie,Stacie,Light Medium,Green,Blonde,Female,Human,Cassandra Lee Morris,
41,629,George,,Light,Blue,Dark,Male,Human,Greg Chun,
41,630,Margaret,,Light,Blue,Blonde,Female,Human,Lisa Fuson,
41,661,Barbie Brooklyn,Barbie Brooklyn,Deep,Brown,Dark,Female,Human,Tatiana Varria,
41,682,Burro Guy,,,,,,Human,Greg Chun,
41,683,Clown,,,,,Male,Human,Dave Fennoy,
41,684,Dino Fortune Teller,,,,,,Human,Dino Andrade,
41,685,Dino Guy,,Light,Brown,Brown,Male,Human,Nicolas Roye,
41,686,Director,,,,,Female,Human,Melanie Minichino,
41,687,Farmer Jill,,,,,Female,Human,Melanie Minichino,
41,688,Goat Herder,,Light Medium,Brown,Light Gray,Male,Human,Nicolas Roye,
41,689,Headless Ghost,,,,,,Spirit,Cassandra Lee Morris,
41,690,Human,,Light Medium,Blue,Blonde,Male,Human,Ritesh Rajan,
41,691,Jacinda,,Deep,Brown,Brown,Female,Human,Alba Ponce de Leon,
41,692,Jacinda's Assistant,,Deep,Brown,Brown,Female,Human,Channon Dade,
41,693,Jacinda's Assistant,,Deep,Brown,Brown,Female,Human,Judy Alice Lee,
41,694,Magnifico,,Light,Blue,Dark,Male,Human,Dino Andrade,
41,695,Match Mutts,,,,,,,Cassandra Lee Morris,
41,696,McHenry,,,,,Male,Human,Dave Fennoy,
41,697,Old Man,,,,,Male,Human,Dino Andrade,
41,698,PA,,,,,,,Dave Fennoy,
41,699,Peanut Guy,,,,,Male,Human,Nicolas Roye,
41,700,Pug Owner,,,,,Female,Human,Lisa Fuson,
41,701,Rafa,,Medium Deep,Brown,Brown,Male,Human,Nicolas Roye,
41,702,"Rebecca Lee,",,,,,Female,Human,Judy Alice Lee,
41,703,Receptionist,,,,,Female,Human,Melanie Minichino,
41,704,Stage Manager,,,,,,Human,Channon Dade,
41,705,Subway Conductor,,,,,Female,Human,Lisa Fuson,
41,706,Subway Passenger,,,,,,Human,Greg Chun,
41,707,Ticket Taker,,,,,,Human,Channon Dade,
41,708,Waitress,,,,,,Human,Channon Dade,
42,551,Barbie,Barbie,Light Medium,Blue,Blonde,Female,Human,America Young,
42,552,Chelsea,Kelly / Chelsea,Light Medium,Blue,Blonde,Female,Human,Natalie Lashkari,
42,566,Skipper,Skipper,Light Medium,Blue,Brown,Female,Human,Kirsten Day,
42,567,Stacie,Stacie,Light Medium,Green,Blonde,Female,Human,Cassandra Morris,
42,622,Ken,Ken,Light Medium,Blue,Blonde,Male,Human,Ritesh Rajan,
42,629,George,,Light Medium,Blue,Dark,Male,Human,Greg Chun,
42,630,Margaret,,Light,Blue,Blonde,Female,Human,Lisa Fuson,
42,709,Additional Voices,,,,,,,Samir Corbin,
42,710,Anna,,Medium,Brown,Dark/Blue,Female,Human,Alex Cazares,
42,711,Big Kid,,,,,Male,Human,Alex Cazares,
42,712,Book on Tape,,,,,,,Alex Cazares,
42,713,Brian,,,,,Male,Human,Alex Cazares,
42,714,Captain,,Light Medium,Brown,Dark Pink,Female,Human,Laila Berzins,
42,715,Chantal,,Deep,Brown,Brown,Female,Human,Julyza Commodore,
42,716,Cheri,,Deep,Brown,Brown/Pink,Female,Human,Julyza Commodore,
42,717,Cooks,,,,,,Human,Greg Chun,
42,718,Deacon,,Medium Deep,Brown,Brown,Male,Human,Innocent Ekakitie,
42,719,Derek,,Light Medium,Brown,Brown,Male,Human,Henry Wu,
42,720,Driver,,,,,Male,Human,Ogie Banks,
42,721,Erica,,Light Medium,Light Brown,Dark,Female,Human,Madelyn Kratzer,
42,722,Erica & Derek's Mom,,,,,Female,Human,Stephanie Sheh,
42,723,Extremely Tall Kid,,,,,Male,Human,Bill Rogers,
42,724,Flight Attendant,,,,,Female,Human,Stephanie Sheh,
42,725,Flight Controller,,,,,Female,,Cristina Milizia,
42,726,Handsome Host,,,,,Female,Human,Laila Berzins,
42,727,Helga,,,,,,,Alex Cazares,
42,728,Hip Girl,,,,,Female,Human,Stephanie Sheh,
42,729,Joy,,Light,Brown,Brown/Blonde,Female,Human,Zaela Rae,
42,730,Lola,,,,,Female,Human,Cristina Milizia,
42,731,Maria,,,,,Female,Human,Cristina Milizia,
42,732,Milton,,Light,Brown,Gray,Male,Human,Bill Rogers,
42,733,Mob Guy,,,,,Male,Human,Ritesh Rajan,
42,734,Mr. Moneyclown,,Light Medium,Green,Rainbow,Male,Human,Bill Rogers,
42,735,Navya,,Deep,Brown,Brown,Female,Human,Archana Rajan,
42,736,New Kid,,,,,,Human,Henry Wu,
42,737,Sandwich Board Guy,,,,,Male,Human,Ogie Banks,
42,738,Scary Monster,,,,,Male,,Ritesh Rajan,
42,739,Tammy,,Light Medium,Brown,Dark Brown,Female,Human,Kirsten Day,
42,740,Tough Jock,,,,,Male,Human,Ritesh Rajan,
42,741,Trucker Pete,,Light,Green,Redhair,Male,Human,Bill Rogers,
42,742,Zincenzio Dracula,,,,,,,Greg Chun,