Index,Name,Desc,Use,Image Link
0,African Violet (Saintpaulia ionantha),A compact flowering plant with vibrant blooms and fuzzy leaves. It thrives in indoor environments with moderate light. Regular watering and humidity help maintain its beauty.,"Used for decorative purposes, enhancing indoor aesthetics, and adding a touch of nature to homes.",https://www.google.com/search?tbm=isch&q=African+Violet+(Saintpaulia+ionantha)
1,Aloe Vera,"A succulent plant with thick, fleshy leaves filled with a soothing gel. It is easy to maintain and can grow both indoors and outdoors. It requires minimal watering and thrives in warm climates.","Used in skincare, for treating burns, digestive health, and minor wound healing.",https://www.google.com/search?tbm=isch&q=Aloe+Vera
2,Anthurium (Anthurium andraeanum),"A tropical plant known for its glossy green leaves and vibrant, heart-shaped flowers. It prefers humid conditions and indirect sunlight. Regular misting keeps the foliage healthy.","Used as a decorative plant, for air purification, and adding color to indoor spaces.",https://www.google.com/search?tbm=isch&q=Anthurium+(Anthurium+andraeanum)
3,Areca Palm (Dypsis lutescens),"A popular indoor palm with feathery, arching fronds. It helps in purifying air and adds a tropical feel to interiors. It requires bright, indirect sunlight and regular watering.","Used for improving indoor air quality, ornamental decoration, and enhancing interior aesthetics.",https://www.google.com/search?tbm=isch&q=Areca+Palm+(Dypsis+lutescens)
4,Asparagus Fern (Asparagus setaceus),"A delicate, feathery plant that adds texture and greenery to indoor spaces. It thrives in indirect light and requires moderate watering. Though not a true fern, it is popular in decorative arrangements.","Used for ornamental purposes, in hanging baskets, and as a houseplant.",https://www.google.com/search?tbm=isch&q=Asparagus+Fern+(Asparagus+setaceus)
5,Background_without_leaves,Not applicable,Not applicable,Not applicable
6,Begonia (Begonia spp.),A versatile plant with vibrant flowers and striking foliage. It thrives in partial shade and well-draining soil. It is commonly grown in gardens and indoors as a decorative plant.,"Used for ornamental gardening, landscaping, and indoor decoration.",https://www.google.com/search?tbm=isch&q=Begonia+(Begonia+spp.)
7,Bird of Paradise (Strelitzia reginae),A striking tropical plant with orange and blue flowers resembling a bird in flight. It requires bright light and warm conditions to thrive. It is a symbol of paradise and exotic beauty.,"Used in landscaping, as a statement indoor plant, and for adding a tropical touch to gardens.",https://www.google.com/search?tbm=isch&q=Bird+of+Paradise+(Strelitzia+reginae)
8,Birds Nest Fern (Asplenium nidus),"A unique fern with bright green, wavy fronds that resemble a birdâ€™s nest. It prefers humid conditions and indirect light. It adds a lush, tropical look to indoor spaces.","Used for indoor decoration, air purification, and enhancing humidity.",https://www.google.com/search?tbm=isch&q=Birds+Nest+Fern+(Asplenium+nidus)
9,Boston Fern (Nephrolepis exaltata),"A popular fern with arching, feathery fronds that thrive in humid conditions. It requires frequent watering and indirect sunlight. It is excellent for purifying indoor air.","Used for air purification, decoration, and adding greenery to interiors.",https://www.google.com/search?tbm=isch&q=Boston+Fern+(Nephrolepis+exaltata)
10,Calathea,"A tropical plant known for its striking, patterned leaves that move with light changes. It requires high humidity and indirect light. It adds beauty to indoor gardens.",Used as an ornamental plant for indoor decoration and air purification.,https://www.google.com/search?tbm=isch&q=Calathea
11,Cast Iron Plant (Aspidistra elatior),"A hardy plant with dark green, broad leaves that tolerate low light. It requires minimal care and can withstand neglect. It thrives in various indoor conditions.",Used for low-maintenance indoor decoration and as a hardy ornamental plant.,https://www.google.com/search?tbm=isch&q=Cast+Iron+Plant+(Aspidistra+elatior)
12,Chinese Money Plant (Pilea peperomioides),A beautiful and versatile plant known for its unique foliage or flowers. It thrives in suitable growing conditions and is easy to care for. This plant adds aesthetic appeal to any indoor or outdoor space.,"Used for decorative purposes, air purification, and enhancing green spaces, making it a great addition to homes or gardens.",https://www.google.com/search?tbm=isch&q=Chinese+Money+Plant+(Pilea+peperomioides)
13,Chinese evergreen (Aglaonema),A beautiful and versatile plant known for its unique foliage or flowers. It thrives in suitable growing conditions and is easy to care for. This plant adds aesthetic appeal to any indoor or outdoor space.,"Used for decorative purposes, air purification, and enhancing green spaces, making it a great addition to homes or gardens.",https://www.google.com/search?tbm=isch&q=Chinese+evergreen+(Aglaonema)
14,Christmas Cactus (Schlumbergera bridgesii),A beautiful and versatile plant known for its unique foliage or flowers. It thrives in suitable growing conditions and is easy to care for. This plant adds aesthetic appeal to any indoor or outdoor space.,"Used for decorative purposes, air purification, and enhancing green spaces, making it a great addition to homes or gardens.",https://www.google.com/search?tbm=isch&q=Christmas+Cactus+(Schlumbergera+bridgesii)
15,Chrysanthemum,A beautiful and versatile plant known for its unique foliage or flowers. It thrives in suitable growing conditions and is easy to care for. This plant adds aesthetic appeal to any indoor or outdoor space.,"Used for decorative purposes, air purification, and enhancing green spaces, making it a great addition to homes or gardens.",https://www.google.com/search?tbm=isch&q=Chrysanthemum
16,Ctenanthe,A beautiful and versatile plant known for its unique foliage or flowers. It thrives in suitable growing conditions and is easy to care for. This plant adds aesthetic appeal to any indoor or outdoor space.,"Used for decorative purposes, air purification, and enhancing green spaces, making it a great addition to homes or gardens.",https://www.google.com/search?tbm=isch&q=Ctenanthe
17,Daffodils (Narcissus spp.),A beautiful and versatile plant known for its unique foliage or flowers. It thrives in suitable growing conditions and is easy to care for. This plant adds aesthetic appeal to any indoor or outdoor space.,"Used for decorative purposes, air purification, and enhancing green spaces, making it a great addition to homes or gardens.",https://www.google.com/search?tbm=isch&q=Daffodils+(Narcissus+spp.)
18,Dracaena,A beautiful and versatile plant known for its unique foliage or flowers. It thrives in suitable growing conditions and is easy to care for. This plant adds aesthetic appeal to any indoor or outdoor space.,"Used for decorative purposes, air purification, and enhancing green spaces, making it a great addition to homes or gardens.",https://www.google.com/search?tbm=isch&q=Dracaena
19,Dumb Cane (Dieffenbachia spp.),A beautiful and versatile plant known for its unique foliage or flowers. It thrives in suitable growing conditions and is easy to care for. This plant adds aesthetic appeal to any indoor or outdoor space.,"Used for decorative purposes, air purification, and enhancing green spaces, making it a great addition to homes or gardens.",https://www.google.com/search?tbm=isch&q=Dumb+Cane+(Dieffenbachia+spp.)
20,Elephant Ear (Alocasia spp.),A beautiful and versatile plant known for its unique foliage or flowers. It thrives in suitable growing conditions and is easy to care for. This plant adds aesthetic appeal to any indoor or outdoor space.,"Used for decorative purposes, air purification, and enhancing green spaces, making it a great addition to homes or gardens.",https://www.google.com/search?tbm=isch&q=Elephant+Ear+(Alocasia+spp.)
21,English Ivy (Hedera helix),A beautiful and versatile plant known for its unique foliage or flowers. It thrives in suitable growing conditions and is easy to care for. This plant adds aesthetic appeal to any indoor or outdoor space.,"Used for decorative purposes, air purification, and enhancing green spaces, making it a great addition to homes or gardens.",https://www.google.com/search?tbm=isch&q=English+Ivy+(Hedera+helix)
22,Hyacinth (Hyacinthus orientalis),A beautiful and versatile plant known for its unique foliage or flowers. It thrives in suitable growing conditions and is easy to care for. This plant adds aesthetic appeal to any indoor or outdoor space.,"Used for decorative purposes, air purification, and enhancing green spaces, making it a great addition to homes or gardens.",https://www.google.com/search?tbm=isch&q=Hyacinth+(Hyacinthus+orientalis)
23,Iron Cross begonia (Begonia masoniana),A beautiful and versatile plant known for its unique foliage or flowers. It thrives in suitable growing conditions and is easy to care for. This plant adds aesthetic appeal to any indoor or outdoor space.,"Used for decorative purposes, air purification, and enhancing green spaces, making it a great addition to homes or gardens.",https://www.google.com/search?tbm=isch&q=Iron+Cross+begonia+(Begonia+masoniana)
24,Jade plant (Crassula ovata),A beautiful and versatile plant known for its unique foliage or flowers. It thrives in suitable growing conditions and is easy to care for. This plant adds aesthetic appeal to any indoor or outdoor space.,"Used for decorative purposes, air purification, and enhancing green spaces, making it a great addition to homes or gardens.",https://www.google.com/search?tbm=isch&q=Jade+plant+(Crassula+ovata)
25,Kalanchoe,A beautiful and versatile plant known for its unique foliage or flowers. It thrives in suitable growing conditions and is easy to care for. This plant adds aesthetic appeal to any indoor or outdoor space.,"Used for decorative purposes, air purification, and enhancing green spaces, making it a great addition to homes or gardens.",https://www.google.com/search?tbm=isch&q=Kalanchoe
26,Lilium (Hemerocallis),A beautiful and versatile plant known for its unique foliage or flowers. It thrives in suitable growing conditions and is easy to care for. This plant adds aesthetic appeal to any indoor or outdoor space.,"Used for decorative purposes, air purification, and enhancing green spaces, making it a great addition to homes or gardens.",https://www.google.com/search?tbm=isch&q=Lilium+(Hemerocallis)
27,Lily of the valley (Convallaria majalis),A beautiful and versatile plant known for its unique foliage or flowers. It thrives in suitable growing conditions and is easy to care for. This plant adds aesthetic appeal to any indoor or outdoor space.,"Used for decorative purposes, air purification, and enhancing green spaces, making it a great addition to homes or gardens.",https://www.google.com/search?tbm=isch&q=Lily+of+the+valley+(Convallaria+majalis)
28,Money Tree (Pachira aquatica),A beautiful and versatile plant known for its unique foliage or flowers. It thrives in suitable growing conditions and is easy to care for. This plant adds aesthetic appeal to any indoor or outdoor space.,"Used for decorative purposes, air purification, and enhancing green spaces, making it a great addition to homes or gardens.",https://www.google.com/search?tbm=isch&q=Money+Tree+(Pachira+aquatica)
29,Monstera Deliciosa (Monstera deliciosa),A beautiful and versatile plant known for its unique foliage or flowers. It thrives in suitable growing conditions and is easy to care for. This plant adds aesthetic appeal to any indoor or outdoor space.,"Used for decorative purposes, air purification, and enhancing green spaces, making it a great addition to homes or gardens.",https://www.google.com/search?tbm=isch&q=Monstera+Deliciosa+(Monstera+deliciosa)
30,Orchid,A beautiful and versatile plant known for its unique foliage or flowers. It thrives in suitable growing conditions and is easy to care for. This plant adds aesthetic appeal to any indoor or outdoor space.,"Used for decorative purposes, air purification, and enhancing green spaces, making it a great addition to homes or gardens.",https://www.google.com/search?tbm=isch&q=Orchid
31,Parlor Palm (Chamaedorea elegans),A beautiful and versatile plant known for its unique foliage or flowers. It thrives in suitable growing conditions and is easy to care for. This plant adds aesthetic appeal to any indoor or outdoor space.,"Used for decorative purposes, air purification, and enhancing green spaces, making it a great addition to homes or gardens.",https://www.google.com/search?tbm=isch&q=Parlor+Palm+(Chamaedorea+elegans)
32,Peace lily,A beautiful and versatile plant known for its unique foliage or flowers. It thrives in suitable growing conditions and is easy to care for. This plant adds aesthetic appeal to any indoor or outdoor space.,"Used for decorative purposes, air purification, and enhancing green spaces, making it a great addition to homes or gardens.",https://www.google.com/search?tbm=isch&q=Peace+lily
33,Poinsettia (Euphorbia pulcherrima),A beautiful and versatile plant known for its unique foliage or flowers. It thrives in suitable growing conditions and is easy to care for. This plant adds aesthetic appeal to any indoor or outdoor space.,"Used for decorative purposes, air purification, and enhancing green spaces, making it a great addition to homes or gardens.",https://www.google.com/search?tbm=isch&q=Poinsettia+(Euphorbia+pulcherrima)
34,Polka Dot Plant (Hypoestes phyllostachya),A beautiful and versatile plant known for its unique foliage or flowers. It thrives in suitable growing conditions and is easy to care for. This plant adds aesthetic appeal to any indoor or outdoor space.,"Used for decorative purposes, air purification, and enhancing green spaces, making it a great addition to homes or gardens.",https://www.google.com/search?tbm=isch&q=Polka+Dot+Plant+(Hypoestes+phyllostachya)
35,Ponytail Palm (Beaucarnea recurvata),A beautiful and versatile plant known for its unique foliage or flowers. It thrives in suitable growing conditions and is easy to care for. This plant adds aesthetic appeal to any indoor or outdoor space.,"Used for decorative purposes, air purification, and enhancing green spaces, making it a great addition to homes or gardens.",https://www.google.com/search?tbm=isch&q=Ponytail+Palm+(Beaucarnea+recurvata)
36,Pothos (Ivy arum),A beautiful and versatile plant known for its unique foliage or flowers. It thrives in suitable growing conditions and is easy to care for. This plant adds aesthetic appeal to any indoor or outdoor space.,"Used for decorative purposes, air purification, and enhancing green spaces, making it a great addition to homes or gardens.",https://www.google.com/search?tbm=isch&q=Pothos+(Ivy+arum)
37,Prayer Plant (Maranta leuconeura),A beautiful and versatile plant known for its unique foliage or flowers. It thrives in suitable growing conditions and is easy to care for. This plant adds aesthetic appeal to any indoor or outdoor space.,"Used for decorative purposes, air purification, and enhancing green spaces, making it a great addition to homes or gardens.",https://www.google.com/search?tbm=isch&q=Prayer+Plant+(Maranta+leuconeura)
38,Rattlesnake Plant (Calathea lancifolia),A beautiful and versatile plant known for its unique foliage or flowers. It thrives in suitable growing conditions and is easy to care for. This plant adds aesthetic appeal to any indoor or outdoor space.,"Used for decorative purposes, air purification, and enhancing green spaces, making it a great addition to homes or gardens.",https://www.google.com/search?tbm=isch&q=Rattlesnake+Plant+(Calathea+lancifolia)
39,Rubber Plant (Ficus elastica),A beautiful and versatile plant known for its unique foliage or flowers. It thrives in suitable growing conditions and is easy to care for. This plant adds aesthetic appeal to any indoor or outdoor space.,"Used for decorative purposes, air purification, and enhancing green spaces, making it a great addition to homes or gardens.",https://www.google.com/search?tbm=isch&q=Rubber+Plant+(Ficus+elastica)
40,Sago Palm (Cycas revoluta),A beautiful and versatile plant known for its unique foliage or flowers. It thrives in suitable growing conditions and is easy to care for. This plant adds aesthetic appeal to any indoor or outdoor space.,"Used for decorative purposes, air purification, and enhancing green spaces, making it a great addition to homes or gardens.",https://www.google.com/search?tbm=isch&q=Sago+Palm+(Cycas+revoluta)
41,Schefflera,A beautiful and versatile plant known for its unique foliage or flowers. It thrives in suitable growing conditions and is easy to care for. This plant adds aesthetic appeal to any indoor or outdoor space.,"Used for decorative purposes, air purification, and enhancing green spaces, making it a great addition to homes or gardens.",https://www.google.com/search?tbm=isch&q=Schefflera
42,Snake plant (Sanseviera),A beautiful and versatile plant known for its unique foliage or flowers. It thrives in suitable growing conditions and is easy to care for. This plant adds aesthetic appeal to any indoor or outdoor space.,"Used for decorative purposes, air purification, and enhancing green spaces, making it a great addition to homes or gardens.",https://www.google.com/search?tbm=isch&q=Snake+plant+(Sanseviera)
43,Tradescantia,A beautiful and versatile plant known for its unique foliage or flowers. It thrives in suitable growing conditions and is easy to care for. This plant adds aesthetic appeal to any indoor or outdoor space.,"Used for decorative purposes, air purification, and enhancing green spaces, making it a great addition to homes or gardens.",https://www.google.com/search?tbm=isch&q=Tradescantia
44,Tulip,A beautiful and versatile plant known for its unique foliage or flowers. It thrives in suitable growing conditions and is easy to care for. This plant adds aesthetic appeal to any indoor or outdoor space.,"Used for decorative purposes, air purification, and enhancing green spaces, making it a great addition to homes or gardens.",https://www.google.com/search?tbm=isch&q=Tulip
45,Venus Flytrap,A beautiful and versatile plant known for its unique foliage or flowers. It thrives in suitable growing conditions and is easy to care for. This plant adds aesthetic appeal to any indoor or outdoor space.,"Used for decorative purposes, air purification, and enhancing green spaces, making it a great addition to homes or gardens.",https://www.google.com/search?tbm=isch&q=Venus+Flytrap
46,Yucca,A beautiful and versatile plant known for its unique foliage or flowers. It thrives in suitable growing conditions and is easy to care for. This plant adds aesthetic appeal to any indoor or outdoor space.,"Used for decorative purposes, air purification, and enhancing green spaces, making it a great addition to homes or gardens.",https://www.google.com/search?tbm=isch&q=Yucca
47,ZZ Plant (Zamioculcas zamiifolia),A beautiful and versatile plant known for its unique foliage or flowers. It thrives in suitable growing conditions and is easy to care for. This plant adds aesthetic appeal to any indoor or outdoor space.,"Used for decorative purposes, air purification, and enhancing green spaces, making it a great addition to homes or gardens.",https://www.google.com/search?tbm=isch&q=ZZ+Plant+(Zamioculcas+zamiifolia)
